symbol,raw_lattice_anchor_ts_utc,interval_code,sensitivity_mode,selection_status,selected_template_time_shift_days,effective_schedule_origin_ts_utc,extension_sequence_index,marker_set,marker_ratio,marker_code,marker_kind,expected_ts_utc,observed_candle_open_ts_utc,observed_price,marker_residual_hours,matched
BTC,2024-10-13T00:00:00Z,1d,STRICT,UNIQUE_TOP_CANDIDATE,7.0,2024-10-20T00:00:00Z,1,EXTENSION,1.272,EXTENSION_1.272,HIGH,2024-11-15T17:05:16Z,2024-11-15T00:00:00Z,87042.0,0.0,True
BTC,2024-10-13T00:00:00Z,1d,STRICT,UNIQUE_TOP_CANDIDATE,7.0,2024-10-20T00:00:00Z,2,EXTENSION,1.618,EXTENSION_1.618,HIGH,2024-11-22T23:28:19Z,2024-11-22T00:00:00Z,95400.0,0.0,True
BTC,2024-10-13T00:00:00Z,1d,STRICT,UNIQUE_TOP_CANDIDATE,7.0,2024-10-20T00:00:00Z,3,EXTENSION,2.618,EXTENSION_2.618,HIGH,2024-12-13T23:28:19Z,2024-12-13T00:00:00Z,97060.0,0.0,True
BTC,2024-10-13T00:00:00Z,1d,NORMAL,UNIQUE_TOP_CANDIDATE,7.0,2024-10-20T00:00:00Z,1,EXTENSION,1.272,EXTENSION_1.272,HIGH,2024-11-15T17:05:16Z,2024-11-15T00:00:00Z,87042.0,0.0,True
BTC,2024-10-13T00:00:00Z,1d,NORMAL,UNIQUE_TOP_CANDIDATE,7.0,2024-10-20T00:00:00Z,2,EXTENSION,1.618,EXTENSION_1.618,HIGH,2024-11-22T23:28:19Z,2024-11-22T00:00:00Z,95400.0,0.0,True
BTC,2024-10-13T00:00:00Z,1d,NORMAL,UNIQUE_TOP_CANDIDATE,7.0,2024-10-20T00:00:00Z,3,EXTENSION,2.618,EXTENSION_2.618,HIGH,2024-12-13T23:28:19Z,2024-12-13T00:00:00Z,97060.0,0.0,True
BTC,2024-10-13T00:00:00Z,1d,MAX,UNIQUE_TOP_CANDIDATE,7.0,2024-10-20T00:00:00Z,1,EXTENSION,1.272,EXTENSION_1.272,HIGH,2024-11-15T17:05:16Z,2024-11-15T00:00:00Z,87042.0,0.0,True
BTC,2024-10-13T00:00:00Z,1d,MAX,UNIQUE_TOP_CANDIDATE,7.0,2024-10-20T00:00:00Z,2,EXTENSION,1.618,EXTENSION_1.618,HIGH,2024-11-22T23:28:19Z,2024-11-22T00:00:00Z,95400.0,0.0,True
BTC,2024-10-13T00:00:00Z,1d,MAX,UNIQUE_TOP_CANDIDATE,7.0,2024-10-20T00:00:00Z,3,EXTENSION,2.618,EXTENSION_2.618,HIGH,2024-12-13T23:28:19Z,2024-12-13T00:00:00Z,97060.0,0.0,True
BTC,2024-11-03T00:00:00Z,1d,STRICT,UNIQUE_TOP_CANDIDATE,-7.0,2024-10-27T00:00:00Z,1,EXTENSION,1.272,EXTENSION_1.272,HIGH,2024-11-22T17:05:16Z,2024-11-22T00:00:00Z,95400.0,0.0,True
BTC,2024-11-03T00:00:00Z,1d,STRICT,UNIQUE_TOP_CANDIDATE,-7.0,2024-10-27T00:00:00Z,2,EXTENSION,1.618,EXTENSION_1.618,HIGH,2024-11-29T23:28:19Z,2024-11-29T00:00:00Z,93498.0,0.0,True
BTC,2024-11-03T00:00:00Z,1d,STRICT,UNIQUE_TOP_CANDIDATE,-7.0,2024-10-27T00:00:00Z,3,EXTENSION,2.618,EXTENSION_2.618,HIGH,2024-12-20T23:28:19Z,2024-12-20T00:00:00Z,94574.0,0.0,True
BTC,2024-11-03T00:00:00Z,1d,NORMAL,UNIQUE_TOP_CANDIDATE,-7.0,2024-10-27T00:00:00Z,1,EXTENSION,1.272,EXTENSION_1.272,HIGH,2024-11-22T17:05:16Z,2024-11-22T00:00:00Z,95400.0,0.0,True
BTC,2024-11-03T00:00:00Z,1d,NORMAL,UNIQUE_TOP_CANDIDATE,-7.0,2024-10-27T00:00:00Z,2,EXTENSION,1.618,EXTENSION_1.618,HIGH,2024-11-29T23:28:19Z,2024-11-29T00:00:00Z,93498.0,0.0,True
BTC,2024-11-03T00:00:00Z,1d,NORMAL,UNIQUE_TOP_CANDIDATE,-7.0,2024-10-27T00:00:00Z,3,EXTENSION,2.618,EXTENSION_2.618,HIGH,2024-12-20T23:28:19Z,2024-12-20T00:00:00Z,94574.0,0.0,True
BTC,2024-11-03T00:00:00Z,1d,MAX,UNIQUE_TOP_CANDIDATE,-7.0,2024-10-27T00:00:00Z,1,EXTENSION,1.272,EXTENSION_1.272,HIGH,2024-11-22T17:05:16Z,2024-11-22T00:00:00Z,95400.0,0.0,True
BTC,2024-11-03T00:00:00Z,1d,MAX,UNIQUE_TOP_CANDIDATE,-7.0,2024-10-27T00:00:00Z,2,EXTENSION,1.618,EXTENSION_1.618,HIGH,2024-11-29T23:28:19Z,2024-11-29T00:00:00Z,93498.0,0.0,True
BTC,2024-11-03T00:00:00Z,1d,MAX,UNIQUE_TOP_CANDIDATE,-7.0,2024-10-27T00:00:00Z,3,EXTENSION,2.618,EXTENSION_2.618,HIGH,2024-12-20T23:28:19Z,2024-12-20T00:00:00Z,94574.0,0.0,True
BTC,2024-12-15T00:00:00Z,1d,STRICT,UNIQUE_TOP_CANDIDATE,-3.0,2024-12-12T00:00:00Z,1,EXTENSION,1.272,EXTENSION_1.272,HIGH,2025-01-07T17:05:16Z,2025-01-07T00:00:00Z,99000.0,0.0,True
BTC,2024-12-15T00:00:00Z,1d,STRICT,UNIQUE_TOP_CANDIDATE,-3.0,2024-12-12T00:00:00Z,2,EXTENSION,1.618,EXTENSION_1.618,HIGH,2025-01-14T23:28:19Z,2025-01-14T00:00:00Z,94987.0,0.0,True
BTC,2024-12-15T00:00:00Z,1d,STRICT,UNIQUE_TOP_CANDIDATE,-3.0,2024-12-12T00:00:00Z,3,EXTENSION,2.618,EXTENSION_2.618,HIGH,2025-02-04T23:28:19Z,2025-02-04T00:00:00Z,98822.0,0.0,True
BTC,2024-12-15T00:00:00Z,1d,NORMAL,UNIQUE_TOP_CANDIDATE,-3.0,2024-12-12T00:00:00Z,1,EXTENSION,1.272,EXTENSION_1.272,HIGH,2025-01-07T17:05:16Z,2025-01-07T00:00:00Z,99000.0,0.0,True
BTC,2024-12-15T00:00:00Z,1d,NORMAL,UNIQUE_TOP_CANDIDATE,-3.0,2024-12-12T00:00:00Z,2,EXTENSION,1.618,EXTENSION_1.618,HIGH,2025-01-14T23:28:19Z,2025-01-14T00:00:00Z,94987.0,0.0,True
BTC,2024-12-15T00:00:00Z,1d,NORMAL,UNIQUE_TOP_CANDIDATE,-3.0,2024-12-12T00:00:00Z,3,EXTENSION,2.618,EXTENSION_2.618,HIGH,2025-02-04T23:28:19Z,2025-02-04T00:00:00Z,98822.0,0.0,True
BTC,2024-12-15T00:00:00Z,1d,MAX,UNIQUE_TOP_CANDIDATE,-3.0,2024-12-12T00:00:00Z,1,EXTENSION,1.272,EXTENSION_1.272,HIGH,2025-01-07T17:05:16Z,2025-01-07T00:00:00Z,99000.0,0.0,True
BTC,2024-12-15T00:00:00Z,1d,MAX,UNIQUE_TOP_CANDIDATE,-3.0,2024-12-12T00:00:00Z,2,EXTENSION,1.618,EXTENSION_1.618,HIGH,2025-01-14T23:28:19Z,2025-01-14T00:00:00Z,94987.0,0.0,True
BTC,2024-12-15T00:00:00Z,1d,MAX,UNIQUE_TOP_CANDIDATE,-3.0,2024-12-12T00:00:00Z,3,EXTENSION,2.618,EXTENSION_2.618,HIGH,2025-02-04T23:28:19Z,2025-02-04T00:00:00Z,98822.0,0.0,True
BTC,2025-01-26T00:00:00Z,1d,MAX,UNIQUE_TOP_CANDIDATE,7.0,2025-02-02T00:00:00Z,1,EXTENSION,1.272,EXTENSION_1.272,HIGH,2025-02-28T17:05:16Z,2025-02-28T00:00:00Z,82345.0,0.0,True
BTC,2025-01-26T00:00:00Z,1d,MAX,UNIQUE_TOP_CANDIDATE,7.0,2025-02-02T00:00:00Z,2,EXTENSION,1.618,EXTENSION_1.618,HIGH,2025-03-07T23:28:19Z,2025-03-07T00:00:00Z,84632.0,0.0,True
BTC,2025-01-26T00:00:00Z,1d,MAX,UNIQUE_TOP_CANDIDATE,7.0,2025-02-02T00:00:00Z,3,EXTENSION,2.618,EXTENSION_2.618,HIGH,2025-03-28T23:28:19Z,2025-03-28T00:00:00Z,81043.0,0.0,True
BTC,2025-02-16T00:00:00Z,1d,MAX,UNIQUE_TOP_CANDIDATE,5.0,2025-02-21T00:00:00Z,1,EXTENSION,1.272,EXTENSION_1.272,HIGH,2025-03-19T17:05:16Z,2025-03-19T00:00:00Z,79787.0,0.0,True
BTC,2025-02-16T00:00:00Z,1d,MAX,UNIQUE_TOP_CANDIDATE,5.0,2025-02-21T00:00:00Z,2,EXTENSION,1.618,EXTENSION_1.618,HIGH,2025-03-26T23:28:19Z,2025-03-26T00:00:00Z,81877.0,0.0,True
BTC,2025-02-16T00:00:00Z,1d,MAX,UNIQUE_TOP_CANDIDATE,5.0,2025-02-21T00:00:00Z,3,EXTENSION,2.618,EXTENSION_2.618,HIGH,2025-04-16T23:28:19Z,2025-04-16T00:00:00Z,75200.0,0.0,True
BTC,2025-07-13T00:00:00Z,1d,STRICT,UNIQUE_TOP_CANDIDATE,-5.0,2025-07-08T00:00:00Z,1,EXTENSION,1.272,EXTENSION_1.272,HIGH,2025-08-03T17:05:16Z,2025-08-03T00:00:00Z,99305.0,0.0,True
BTC,2025-07-13T00:00:00Z,1d,STRICT,UNIQUE_TOP_CANDIDATE,-5.0,2025-07-08T00:00:00Z,2,EXTENSION,1.618,EXTENSION_1.618,HIGH,2025-08-10T23:28:19Z,2025-08-10T00:00:00Z,102250.0,0.0,True
BTC,2025-07-13T00:00:00Z,1d,STRICT,UNIQUE_TOP_CANDIDATE,-5.0,2025-07-08T00:00:00Z,3,EXTENSION,2.618,EXTENSION_2.618,HIGH,2025-08-31T23:28:19Z,2025-08-31T00:00:00Z,93756.0,0.0,True
BTC,2025-07-13T00:00:00Z,1d,NORMAL,UNIQUE_TOP_CANDIDATE,-5.0,2025-07-08T00:00:00Z,1,EXTENSION,1.272,EXTENSION_1.272,HIGH,2025-08-03T17:05:16Z,2025-08-03T00:00:00Z,99305.0,0.0,True
BTC,2025-07-13T00:00:00Z,1d,NORMAL,UNIQUE_TOP_CANDIDATE,-5.0,2025-07-08T00:00:00Z,2,EXTENSION,1.618,EXTENSION_1.618,HIGH,2025-08-10T23:28:19Z,2025-08-10T00:00:00Z,102250.0,0.0,True
BTC,2025-07-13T00:00:00Z,1d,NORMAL,UNIQUE_TOP_CANDIDATE,-5.0,2025-07-08T00:00:00Z,3,EXTENSION,2.618,EXTENSION_2.618,HIGH,2025-08-31T23:28:19Z,2025-08-31T00:00:00Z,93756.0,0.0,True
BTC,2025-07-13T00:00:00Z,1d,MAX,UNIQUE_TOP_CANDIDATE,-5.0,2025-07-08T00:00:00Z,1,EXTENSION,1.272,EXTENSION_1.272,HIGH,2025-08-03T17:05:16Z,2025-08-03T00:00:00Z,99305.0,0.0,True
BTC,2025-07-13T00:00:00Z,1d,MAX,UNIQUE_TOP_CANDIDATE,-5.0,2025-07-08T00:00:00Z,2,EXTENSION,1.618,EXTENSION_1.618,HIGH,2025-08-10T23:28:19Z,2025-08-10T00:00:00Z,102250.0,0.0,True
BTC,2025-07-13T00:00:00Z,1d,MAX,UNIQUE_TOP_CANDIDATE,-5.0,2025-07-08T00:00:00Z,3,EXTENSION,2.618,EXTENSION_2.618,HIGH,2025-08-31T23:28:19Z,2025-08-31T00:00:00Z,93756.0,0.0,True
BTC,2025-09-14T00:00:00Z,1d,STRICT,UNIQUE_TOP_CANDIDATE,3.0,2025-09-17T00:00:00Z,1,EXTENSION,1.272,EXTENSION_1.272,HIGH,2025-10-13T17:05:16Z,2025-10-13T00:00:00Z,100309.0,0.0,True
BTC,2025-09-14T00:00:00Z,1d,STRICT,UNIQUE_TOP_CANDIDATE,3.0,2025-09-17T00:00:00Z,2,EXTENSION,1.618,EXTENSION_1.618,HIGH,2025-10-20T23:28:19Z,2025-10-20T00:00:00Z,95858.0,0.0,True
BTC,2025-09-14T00:00:00Z,1d,STRICT,UNIQUE_TOP_CANDIDATE,3.0,2025-09-17T00:00:00Z,3,EXTENSION,2.618,EXTENSION_2.618,HIGH,2025-11-10T23:28:19Z,2025-11-10T00:00:00Z,92242.0,0.0,True
BTC,2025-09-14T00:00:00Z,1d,NORMAL,UNIQUE_TOP_CANDIDATE,3.0,2025-09-17T00:00:00Z,1,EXTENSION,1.272,EXTENSION_1.272,HIGH,2025-10-13T17:05:16Z,2025-10-13T00:00:00Z,100309.0,0.0,True
BTC,2025-09-14T00:00:00Z,1d,NORMAL,UNIQUE_TOP_CANDIDATE,3.0,2025-09-17T00:00:00Z,2,EXTENSION,1.618,EXTENSION_1.618,HIGH,2025-10-20T23:28:19Z,2025-10-20T00:00:00Z,95858.0,0.0,True
BTC,2025-09-14T00:00:00Z,1d,NORMAL,UNIQUE_TOP_CANDIDATE,3.0,2025-09-17T00:00:00Z,3,EXTENSION,2.618,EXTENSION_2.618,HIGH,2025-11-10T23:28:19Z,2025-11-10T00:00:00Z,92242.0,0.0,True
BTC,2025-09-14T00:00:00Z,1d,MAX,UNIQUE_TOP_CANDIDATE,3.0,2025-09-17T00:00:00Z,1,EXTENSION,1.272,EXTENSION_1.272,HIGH,2025-10-13T17:05:16Z,2025-10-13T00:00:00Z,100309.0,0.0,True
BTC,2025-09-14T00:00:00Z,1d,MAX,UNIQUE_TOP_CANDIDATE,3.0,2025-09-17T00:00:00Z,2,EXTENSION,1.618,EXTENSION_1.618,HIGH,2025-10-20T23:28:19Z,2025-10-20T00:00:00Z,95858.0,0.0,True
BTC,2025-09-14T00:00:00Z,1d,MAX,UNIQUE_TOP_CANDIDATE,3.0,2025-09-17T00:00:00Z,3,EXTENSION,2.618,EXTENSION_2.618,HIGH,2025-11-10T23:28:19Z,2025-11-10T00:00:00Z,92242.0,0.0,True
BTC,2025-10-05T00:00:00Z,1d,NORMAL,UNIQUE_TOP_CANDIDATE,5.0,2025-10-10T00:00:00Z,1,EXTENSION,1.272,EXTENSION_1.272,HIGH,2025-11-05T17:05:16Z,2025-11-05T00:00:00Z,91083.0,0.0,True
BTC,2025-10-05T00:00:00Z,1d,NORMAL,UNIQUE_TOP_CANDIDATE,5.0,2025-10-10T00:00:00Z,2,EXTENSION,1.618,EXTENSION_1.618,HIGH,2025-11-12T23:28:19Z,2025-11-12T00:00:00Z,91000.0,0.0,True
BTC,2025-10-05T00:00:00Z,1d,NORMAL,UNIQUE_TOP_CANDIDATE,5.0,2025-10-10T00:00:00Z,3,EXTENSION,2.618,EXTENSION_2.618,HIGH,2025-12-03T23:28:19Z,2025-12-03T00:00:00Z,80716.0,0.0,True
BTC,2025-10-05T00:00:00Z,1d,MAX,UNIQUE_TOP_CANDIDATE,5.0,2025-10-10T00:00:00Z,1,EXTENSION,1.272,EXTENSION_1.272,HIGH,2025-11-05T17:05:16Z,2025-11-05T00:00:00Z,91083.0,0.0,True
BTC,2025-10-05T00:00:00Z,1d,MAX,UNIQUE_TOP_CANDIDATE,5.0,2025-10-10T00:00:00Z,2,EXTENSION,1.618,EXTENSION_1.618,HIGH,2025-11-12T23:28:19Z,2025-11-12T00:00:00Z,91000.0,0.0,True
BTC,2025-10-05T00:00:00Z,1d,MAX,UNIQUE_TOP_CANDIDATE,5.0,2025-10-10T00:00:00Z,3,EXTENSION,2.618,EXTENSION_2.618,HIGH,2025-12-03T23:28:19Z,2025-12-03T00:00:00Z,80716.0,0.0,True
BTC,2025-11-16T00:00:00Z,1d,STRICT,UNIQUE_TOP_CANDIDATE,5.0,2025-11-21T00:00:00Z,1,EXTENSION,1.272,EXTENSION_1.272,HIGH,2025-12-17T17:05:16Z,2025-12-17T00:00:00Z,76899.0,0.0,True
BTC,2025-11-16T00:00:00Z,1d,STRICT,UNIQUE_TOP_CANDIDATE,5.0,2025-11-21T00:00:00Z,2,EXTENSION,1.618,EXTENSION_1.618,HIGH,2025-12-24T23:28:19Z,2025-12-24T00:00:00Z,74721.0,0.0,True
BTC,2025-11-16T00:00:00Z,1d,STRICT,UNIQUE_TOP_CANDIDATE,5.0,2025-11-21T00:00:00Z,3,EXTENSION,2.618,EXTENSION_2.618,HIGH,2026-01-14T23:28:19Z,2026-01-14T00:00:00Z,84147.0,0.0,True
BTC,2025-11-16T00:00:00Z,1d,NORMAL,UNIQUE_TOP_CANDIDATE,5.0,2025-11-21T00:00:00Z,1,EXTENSION,1.272,EXTENSION_1.272,HIGH,2025-12-17T17:05:16Z,2025-12-17T00:00:00Z,76899.0,0.0,True
BTC,2025-11-16T00:00:00Z,1d,NORMAL,UNIQUE_TOP_CANDIDATE,5.0,2025-11-21T00:00:00Z,2,EXTENSION,1.618,EXTENSION_1.618,HIGH,2025-12-24T23:28:19Z,2025-12-24T00:00:00Z,74721.0,0.0,True
BTC,2025-11-16T00:00:00Z,1d,NORMAL,UNIQUE_TOP_CANDIDATE,5.0,2025-11-21T00:00:00Z,3,EXTENSION,2.618,EXTENSION_2.618,HIGH,2026-01-14T23:28:19Z,2026-01-14T00:00:00Z,84147.0,0.0,True
BTC,2025-11-16T00:00:00Z,1d,MAX,UNIQUE_TOP_CANDIDATE,5.0,2025-11-21T00:00:00Z,1,EXTENSION,1.272,EXTENSION_1.272,HIGH,2025-12-17T17:05:16Z,2025-12-17T00:00:00Z,76899.0,0.0,True
BTC,2025-11-16T00:00:00Z,1d,MAX,UNIQUE_TOP_CANDIDATE,5.0,2025-11-21T00:00:00Z,2,EXTENSION,1.618,EXTENSION_1.618,HIGH,2025-12-24T23:28:19Z,2025-12-24T00:00:00Z,74721.0,0.0,True
BTC,2025-11-16T00:00:00Z,1d,MAX,UNIQUE_TOP_CANDIDATE,5.0,2025-11-21T00:00:00Z,3,EXTENSION,2.618,EXTENSION_2.618,HIGH,2026-01-14T23:28:19Z,2026-01-14T00:00:00Z,84147.0,0.0,True
BTC,2026-02-08T00:00:00Z,1d,STRICT,UNIQUE_TOP_CANDIDATE,2.0,2026-02-10T00:00:00Z,1,EXTENSION,1.272,EXTENSION_1.272,HIGH,2026-03-08T17:05:16Z,2026-03-08T00:00:00Z,58836.0,0.0,True
BTC,2026-02-08T00:00:00Z,1d,STRICT,UNIQUE_TOP_CANDIDATE,2.0,2026-02-10T00:00:00Z,2,EXTENSION,1.618,EXTENSION_1.618,HIGH,2026-03-15T23:28:19Z,2026-03-15T00:00:00Z,64065.0,0.0,True
BTC,2026-02-08T00:00:00Z,1d,STRICT,UNIQUE_TOP_CANDIDATE,2.0,2026-02-10T00:00:00Z,3,EXTENSION,2.618,EXTENSION_2.618,HIGH,2026-04-05T23:28:19Z,2026-04-05T00:00:00Z,60049.0,0.0,True
BTC,2026-02-08T00:00:00Z,1d,NORMAL,UNIQUE_TOP_CANDIDATE,2.0,2026-02-10T00:00:00Z,1,EXTENSION,1.272,EXTENSION_1.272,HIGH,2026-03-08T17:05:16Z,2026-03-08T00:00:00Z,58836.0,0.0,True
BTC,2026-02-08T00:00:00Z,1d,NORMAL,UNIQUE_TOP_CANDIDATE,2.0,2026-02-10T00:00:00Z,2,EXTENSION,1.618,EXTENSION_1.618,HIGH,2026-03-15T23:28:19Z,2026-03-15T00:00:00Z,64065.0,0.0,True
BTC,2026-02-08T00:00:00Z,1d,NORMAL,UNIQUE_TOP_CANDIDATE,2.0,2026-02-10T00:00:00Z,3,EXTENSION,2.618,EXTENSION_2.618,HIGH,2026-04-05T23:28:19Z,2026-04-05T00:00:00Z,60049.0,0.0,True
BTC,2026-02-08T00:00:00Z,1d,MAX,UNIQUE_TOP_CANDIDATE,2.0,2026-02-10T00:00:00Z,1,EXTENSION,1.272,EXTENSION_1.272,HIGH,2026-03-08T17:05:16Z,2026-03-08T00:00:00Z,58836.0,0.0,True
BTC,2026-02-08T00:00:00Z,1d,MAX,UNIQUE_TOP_CANDIDATE,2.0,2026-02-10T00:00:00Z,2,EXTENSION,1.618,EXTENSION_1.618,HIGH,2026-03-15T23:28:19Z,2026-03-15T00:00:00Z,64065.0,0.0,True
BTC,2026-02-08T00:00:00Z,1d,MAX,UNIQUE_TOP_CANDIDATE,2.0,2026-02-10T00:00:00Z,3,EXTENSION,2.618,EXTENSION_2.618,HIGH,2026-04-05T23:28:19Z,2026-04-05T00:00:00Z,60049.0,0.0,True
BTC,2026-05-03T00:00:00Z,1d,STRICT,UNIQUE_TOP_CANDIDATE,-9.0,2026-04-24T00:00:00Z,1,EXTENSION,1.272,EXTENSION_1.272,HIGH,2026-05-20T17:05:16Z,2026-05-20T00:00:00Z,66993.0,0.0,True
BTC,2026-05-03T00:00:00Z,1d,STRICT,UNIQUE_TOP_CANDIDATE,-9.0,2026-04-24T00:00:00Z,2,EXTENSION,1.618,EXTENSION_1.618,HIGH,2026-05-27T23:28:19Z,2026-05-27T00:00:00Z,65314.0,0.0,True
BTC,2026-05-03T00:00:00Z,1d,STRICT,UNIQUE_TOP_CANDIDATE,-9.0,2026-04-24T00:00:00Z,3,EXTENSION,2.618,EXTENSION_2.618,HIGH,2026-06-17T23:28:19Z,2026-06-17T00:00:00Z,57283.0,0.0,True
BTC,2026-05-03T00:00:00Z,1d,NORMAL,UNIQUE_TOP_CANDIDATE,-9.0,2026-04-24T00:00:00Z,1,EXTENSION,1.272,EXTENSION_1.272,HIGH,2026-05-20T17:05:16Z,2026-05-20T00:00:00Z,66993.0,0.0,True
BTC,2026-05-03T00:00:00Z,1d,NORMAL,UNIQUE_TOP_CANDIDATE,-9.0,2026-04-24T00:00:00Z,2,EXTENSION,1.618,EXTENSION_1.618,HIGH,2026-05-27T23:28:19Z,2026-05-27T00:00:00Z,65314.0,0.0,True
BTC,2026-05-03T00:00:00Z,1d,NORMAL,UNIQUE_TOP_CANDIDATE,-9.0,2026-04-24T00:00:00Z,3,EXTENSION,2.618,EXTENSION_2.618,HIGH,2026-06-17T23:28:19Z,2026-06-17T00:00:00Z,57283.0,0.0,True
BTC,2026-05-03T00:00:00Z,1d,MAX,UNIQUE_TOP_CANDIDATE,-9.0,2026-04-24T00:00:00Z,1,EXTENSION,1.272,EXTENSION_1.272,HIGH,2026-05-20T17:05:16Z,2026-05-20T00:00:00Z,66993.0,0.0,True
BTC,2026-05-03T00:00:00Z,1d,MAX,UNIQUE_TOP_CANDIDATE,-9.0,2026-04-24T00:00:00Z,2,EXTENSION,1.618,EXTENSION_1.618,HIGH,2026-05-27T23:28:19Z,2026-05-27T00:00:00Z,65314.0,0.0,True
BTC,2026-05-03T00:00:00Z,1d,MAX,UNIQUE_TOP_CANDIDATE,-9.0,2026-04-24T00:00:00Z,3,EXTENSION,2.618,EXTENSION_2.618,HIGH,2026-06-17T23:28:19Z,2026-06-17T00:00:00Z,57283.0,0.0,True
ETH,2025-01-05T00:00:00Z,1d,STRICT,UNIQUE_TOP_CANDIDATE,6.0,2025-01-11T00:00:00Z,1,EXTENSION,1.272,EXTENSION_1.272,HIGH,2025-02-06T17:05:16Z,2025-02-06T00:00:00Z,2761.1,0.0,True
ETH,2025-01-05T00:00:00Z,1d,STRICT,UNIQUE_TOP_CANDIDATE,6.0,2025-01-11T00:00:00Z,2,EXTENSION,1.618,EXTENSION_1.618,HIGH,2025-02-13T23:28:19Z,2025-02-13T00:00:00Z,2651.6,0.0,True
ETH,2025-01-05T00:00:00Z,1d,STRICT,UNIQUE_TOP_CANDIDATE,6.0,2025-01-11T00:00:00Z,3,EXTENSION,2.618,EXTENSION_2.618,HIGH,2025-03-06T23:28:19Z,2025-03-06T00:00:00Z,2147.3,0.0,True
ETH,2025-01-05T00:00:00Z,1d,NORMAL,UNIQUE_TOP_CANDIDATE,6.0,2025-01-11T00:00:00Z,1,EXTENSION,1.272,EXTENSION_1.272,HIGH,2025-02-06T17:05:16Z,2025-02-06T00:00:00Z,2761.1,0.0,True
ETH,2025-01-05T00:00:00Z,1d,NORMAL,UNIQUE_TOP_CANDIDATE,6.0,2025-01-11T00:00:00Z,2,EXTENSION,1.618,EXTENSION_1.618,HIGH,2025-02-13T23:28:19Z,2025-02-13T00:00:00Z,2651.6,0.0,True
ETH,2025-01-05T00:00:00Z,1d,NORMAL,UNIQUE_TOP_CANDIDATE,6.0,2025-01-11T00:00:00Z,3,EXTENSION,2.618,EXTENSION_2.618,HIGH,2025-03-06T23:28:19Z,2025-03-06T00:00:00Z,2147.3,0.0,True
ETH,2025-01-05T00:00:00Z,1d,MAX,UNIQUE_TOP_CANDIDATE,6.0,2025-01-11T00:00:00Z,1,EXTENSION,1.272,EXTENSION_1.272,HIGH,2025-02-06T17:05:16Z,2025-02-06T00:00:00Z,2761.1,0.0,True
ETH,2025-01-05T00:00:00Z,1d,MAX,UNIQUE_TOP_CANDIDATE,6.0,2025-01-11T00:00:00Z,2,EXTENSION,1.618,EXTENSION_1.618,HIGH,2025-02-13T23:28:19Z,2025-02-13T00:00:00Z,2651.6,0.0,True
ETH,2025-01-05T00:00:00Z,1d,MAX,UNIQUE_TOP_CANDIDATE,6.0,2025-01-11T00:00:00Z,3,EXTENSION,2.618,EXTENSION_2.618,HIGH,2025-03-06T23:28:19Z,2025-03-06T00:00:00Z,2147.3,0.0,True
ETH,2025-01-26T00:00:00Z,1d,STRICT,UNIQUE_TOP_CANDIDATE,1.0,2025-01-27T00:00:00Z,1,EXTENSION,1.272,EXTENSION_1.272,HIGH,2025-02-22T17:05:16Z,2025-02-22T00:00:00Z,2675.1,0.0,True
ETH,2025-01-26T00:00:00Z,1d,STRICT,UNIQUE_TOP_CANDIDATE,1.0,2025-01-27T00:00:00Z,2,EXTENSION,1.618,EXTENSION_1.618,HIGH,2025-03-01T23:28:19Z,2025-03-01T00:00:00Z,2198.6,0.0,True
ETH,2025-01-26T00:00:00Z,1d,STRICT,UNIQUE_TOP_CANDIDATE,1.0,2025-01-27T00:00:00Z,3,EXTENSION,2.618,EXTENSION_2.618,HIGH,2025-03-22T23:28:19Z,2025-03-22T00:00:00Z,1854.0,0.0,True
ETH,2025-01-26T00:00:00Z,1d,NORMAL,UNIQUE_TOP_CANDIDATE,1.0,2025-01-27T00:00:00Z,1,EXTENSION,1.272,EXTENSION_1.272,HIGH,2025-02-22T17:05:16Z,2025-02-22T00:00:00Z,2675.1,0.0,True
ETH,2025-01-26T00:00:00Z,1d,NORMAL,UNIQUE_TOP_CANDIDATE,1.0,2025-01-27T00:00:00Z,2,EXTENSION,1.618,EXTENSION_1.618,HIGH,2025-03-01T23:28:19Z,2025-03-01T00:00:00Z,2198.6,0.0,True
ETH,2025-01-26T00:00:00Z,1d,NORMAL,UNIQUE_TOP_CANDIDATE,1.0,2025-01-27T00:00:00Z,3,EXTENSION,2.618,EXTENSION_2.618,HIGH,2025-03-22T23:28:19Z,2025-03-22T00:00:00Z,1854.0,0.0,True
ETH,2025-01-26T00:00:00Z,1d,MAX,UNIQUE_TOP_CANDIDATE,1.0,2025-01-27T00:00:00Z,1,EXTENSION,1.272,EXTENSION_1.272,HIGH,2025-02-22T17:05:16Z,2025-02-22T00:00:00Z,2675.1,0.0,True
ETH,2025-01-26T00:00:00Z,1d,MAX,UNIQUE_TOP_CANDIDATE,1.0,2025-01-27T00:00:00Z,2,EXTENSION,1.618,EXTENSION_1.618,HIGH,2025-03-01T23:28:19Z,2025-03-01T00:00:00Z,2198.6,0.0,True
ETH,2025-01-26T00:00:00Z,1d,MAX,UNIQUE_TOP_CANDIDATE,1.0,2025-01-27T00:00:00Z,3,EXTENSION,2.618,EXTENSION_2.618,HIGH,2025-03-22T23:28:19Z,2025-03-22T00:00:00Z,1854.0,0.0,True
ETH,2025-03-30T00:00:00Z,1d,STRICT,UNIQUE_TOP_CANDIDATE,9.0,2025-04-08T00:00:00Z,1,EXTENSION,1.272,EXTENSION_1.272,HIGH,2025-05-04T17:05:16Z,2025-05-04T00:00:00Z,1638.8,0.0,True
ETH,2025-03-30T00:00:00Z,1d,STRICT,UNIQUE_TOP_CANDIDATE,9.0,2025-04-08T00:00:00Z,2,EXTENSION,1.618,EXTENSION_1.618,HIGH,2025-05-11T23:28:19Z,2025-05-11T00:00:00Z,2315.2,0.0,True
ETH,2025-03-30T00:00:00Z,1d,STRICT,UNIQUE_TOP_CANDIDATE,9.0,2025-04-08T00:00:00Z,3,EXTENSION,2.618,EXTENSION_2.618,HIGH,2025-06-01T23:28:19Z,2025-06-01T00:00:00Z,2250.4,0.0,True
ETH,2025-03-30T00:00:00Z,1d,NORMAL,UNIQUE_TOP_CANDIDATE,9.0,2025-04-08T00:00:00Z,1,EXTENSION,1.272,EXTENSION_1.272,HIGH,2025-05-04T17:05:16Z,2025-05-04T00:00:00Z,1638.8,0.0,True
ETH,2025-03-30T00:00:00Z,1d,NORMAL,UNIQUE_TOP_CANDIDATE,9.0,2025-04-08T00:00:00Z,2,EXTENSION,1.618,EXTENSION_1.618,HIGH,2025-05-11T23:28:19Z,2025-05-11T00:00:00Z,2315.2,0.0,True
ETH,2025-03-30T00:00:00Z,1d,NORMAL,UNIQUE_TOP_CANDIDATE,9.0,2025-04-08T00:00:00Z,3,EXTENSION,2.618,EXTENSION_2.618,HIGH,2025-06-01T23:28:19Z,2025-06-01T00:00:00Z,2250.4,0.0,True
ETH,2025-03-30T00:00:00Z,1d,MAX,UNIQUE_TOP_CANDIDATE,9.0,2025-04-08T00:00:00Z,1,EXTENSION,1.272,EXTENSION_1.272,HIGH,2025-05-04T17:05:16Z,2025-05-04T00:00:00Z,1638.8,0.0,True
ETH,2025-03-30T00:00:00Z,1d,MAX,UNIQUE_TOP_CANDIDATE,9.0,2025-04-08T00:00:00Z,2,EXTENSION,1.618,EXTENSION_1.618,HIGH,2025-05-11T23:28:19Z,2025-05-11T00:00:00Z,2315.2,0.0,True
ETH,2025-03-30T00:00:00Z,1d,MAX,UNIQUE_TOP_CANDIDATE,9.0,2025-04-08T00:00:00Z,3,EXTENSION,2.618,EXTENSION_2.618,HIGH,2025-06-01T23:28:19Z,2025-06-01T00:00:00Z,2250.4,0.0,True
ETH,2025-05-11T00:00:00Z,1d,STRICT,UNIQUE_TOP_CANDIDATE,-1.0,2025-05-10T00:00:00Z,1,EXTENSION,1.272,EXTENSION_1.272,HIGH,2025-06-05T17:05:16Z,2025-06-05T00:00:00Z,2312.0,0.0,True
ETH,2025-05-11T00:00:00Z,1d,STRICT,UNIQUE_TOP_CANDIDATE,-1.0,2025-05-10T00:00:00Z,2,EXTENSION,1.618,EXTENSION_1.618,HIGH,2025-06-12T23:28:19Z,2025-06-12T00:00:00Z,2420.5,0.0,True
ETH,2025-05-11T00:00:00Z,1d,STRICT,UNIQUE_TOP_CANDIDATE,-1.0,2025-05-10T00:00:00Z,3,EXTENSION,2.618,EXTENSION_2.618,HIGH,2025-07-03T23:28:19Z,2025-07-03T00:00:00Z,2241.1,0.0,True
ETH,2025-05-11T00:00:00Z,1d,NORMAL,UNIQUE_TOP_CANDIDATE,-1.0,2025-05-10T00:00:00Z,1,EXTENSION,1.272,EXTENSION_1.272,HIGH,2025-06-05T17:05:16Z,2025-06-05T00:00:00Z,2312.0,0.0,True
ETH,2025-05-11T00:00:00Z,1d,NORMAL,UNIQUE_TOP_CANDIDATE,-1.0,2025-05-10T00:00:00Z,2,EXTENSION,1.618,EXTENSION_1.618,HIGH,2025-06-12T23:28:19Z,2025-06-12T00:00:00Z,2420.5,0.0,True
ETH,2025-05-11T00:00:00Z,1d,NORMAL,UNIQUE_TOP_CANDIDATE,-1.0,2025-05-10T00:00:00Z,3,EXTENSION,2.618,EXTENSION_2.618,HIGH,2025-07-03T23:28:19Z,2025-07-03T00:00:00Z,2241.1,0.0,True
ETH,2025-05-11T00:00:00Z,1d,MAX,UNIQUE_TOP_CANDIDATE,-1.0,2025-05-10T00:00:00Z,1,EXTENSION,1.272,EXTENSION_1.272,HIGH,2025-06-05T17:05:16Z,2025-06-05T00:00:00Z,2312.0,0.0,True
ETH,2025-05-11T00:00:00Z,1d,MAX,UNIQUE_TOP_CANDIDATE,-1.0,2025-05-10T00:00:00Z,2,EXTENSION,1.618,EXTENSION_1.618,HIGH,2025-06-12T23:28:19Z,2025-06-12T00:00:00Z,2420.5,0.0,True
ETH,2025-05-11T00:00:00Z,1d,MAX,UNIQUE_TOP_CANDIDATE,-1.0,2025-05-10T00:00:00Z,3,EXTENSION,2.618,EXTENSION_2.618,HIGH,2025-07-03T23:28:19Z,2025-07-03T00:00:00Z,2241.1,0.0,True
ETH,2025-06-01T00:00:00Z,1d,STRICT,UNIQUE_TOP_CANDIDATE,-9.0,2025-05-23T00:00:00Z,1,EXTENSION,1.272,EXTENSION_1.272,HIGH,2025-06-18T17:05:16Z,2025-06-18T00:00:00Z,2213.9,0.0,True
ETH,2025-06-01T00:00:00Z,1d,STRICT,UNIQUE_TOP_CANDIDATE,-9.0,2025-05-23T00:00:00Z,2,EXTENSION,1.618,EXTENSION_1.618,HIGH,2025-06-25T23:28:19Z,2025-06-25T00:00:00Z,2125.0,0.0,True
ETH,2025-06-01T00:00:00Z,1d,STRICT,UNIQUE_TOP_CANDIDATE,-9.0,2025-05-23T00:00:00Z,3,EXTENSION,2.618,EXTENSION_2.618,HIGH,2025-07-16T23:28:19Z,2025-07-16T00:00:00Z,2940.5,0.0,True
ETH,2025-06-01T00:00:00Z,1d,NORMAL,UNIQUE_TOP_CANDIDATE,-9.0,2025-05-23T00:00:00Z,1,EXTENSION,1.272,EXTENSION_1.272,HIGH,2025-06-18T17:05:16Z,2025-06-18T00:00:00Z,2213.9,0.0,True
ETH,2025-06-01T00:00:00Z,1d,NORMAL,UNIQUE_TOP_CANDIDATE,-9.0,2025-05-23T00:00:00Z,2,EXTENSION,1.618,EXTENSION_1.618,HIGH,2025-06-25T23:28:19Z,2025-06-25T00:00:00Z,2125.0,0.0,True
ETH,2025-06-01T00:00:00Z,1d,NORMAL,UNIQUE_TOP_CANDIDATE,-9.0,2025-05-23T00:00:00Z,3,EXTENSION,2.618,EXTENSION_2.618,HIGH,2025-07-16T23:28:19Z,2025-07-16T00:00:00Z,2940.5,0.0,True
ETH,2025-06-01T00:00:00Z,1d,MAX,UNIQUE_TOP_CANDIDATE,-9.0,2025-05-23T00:00:00Z,1,EXTENSION,1.272,EXTENSION_1.272,HIGH,2025-06-18T17:05:16Z,2025-06-18T00:00:00Z,2213.9,0.0,True
ETH,2025-06-01T00:00:00Z,1d,MAX,UNIQUE_TOP_CANDIDATE,-9.0,2025-05-23T00:00:00Z,2,EXTENSION,1.618,EXTENSION_1.618,HIGH,2025-06-25T23:28:19Z,2025-06-25T00:00:00Z,2125.0,0.0,True
ETH,2025-06-01T00:00:00Z,1d,MAX,UNIQUE_TOP_CANDIDATE,-9.0,2025-05-23T00:00:00Z,3,EXTENSION,2.618,EXTENSION_2.618,HIGH,2025-07-16T23:28:19Z,2025-07-16T00:00:00Z,2940.5,0.0,True
ETH,2025-07-13T00:00:00Z,1d,STRICT,UNIQUE_TOP_CANDIDATE,-6.0,2025-07-07T00:00:00Z,1,EXTENSION,1.272,EXTENSION_1.272,HIGH,2025-08-02T17:05:16Z,2025-08-02T00:00:00Z,3055.5,0.0,True
ETH,2025-07-13T00:00:00Z,1d,STRICT,UNIQUE_TOP_CANDIDATE,-6.0,2025-07-07T00:00:00Z,2,EXTENSION,1.618,EXTENSION_1.618,HIGH,2025-08-09T23:28:19Z,2025-08-09T00:00:00Z,3698.5,0.0,True
ETH,2025-07-13T00:00:00Z,1d,STRICT,UNIQUE_TOP_CANDIDATE,-6.0,2025-07-07T00:00:00Z,3,EXTENSION,2.618,EXTENSION_2.618,HIGH,2025-08-30T23:28:19Z,2025-08-30T00:00:00Z,3783.3,0.0,True
ETH,2025-07-13T00:00:00Z,1d,NORMAL,UNIQUE_TOP_CANDIDATE,-6.0,2025-07-07T00:00:00Z,1,EXTENSION,1.272,EXTENSION_1.272,HIGH,2025-08-02T17:05:16Z,2025-08-02T00:00:00Z,3055.5,0.0,True
ETH,2025-07-13T00:00:00Z,1d,NORMAL,UNIQUE_TOP_CANDIDATE,-6.0,2025-07-07T00:00:00Z,2,EXTENSION,1.618,EXTENSION_1.618,HIGH,2025-08-09T23:28:19Z,2025-08-09T00:00:00Z,3698.5,0.0,True
ETH,2025-07-13T00:00:00Z,1d,NORMAL,UNIQUE_TOP_CANDIDATE,-6.0,2025-07-07T00:00:00Z,3,EXTENSION,2.618,EXTENSION_2.618,HIGH,2025-08-30T23:28:19Z,2025-08-30T00:00:00Z,3783.3,0.0,True
ETH,2025-07-13T00:00:00Z,1d,MAX,UNIQUE_TOP_CANDIDATE,-6.0,2025-07-07T00:00:00Z,1,EXTENSION,1.272,EXTENSION_1.272,HIGH,2025-08-02T17:05:16Z,2025-08-02T00:00:00Z,3055.5,0.0,True
ETH,2025-07-13T00:00:00Z,1d,MAX,UNIQUE_TOP_CANDIDATE,-6.0,2025-07-07T00:00:00Z,2,EXTENSION,1.618,EXTENSION_1.618,HIGH,2025-08-09T23:28:19Z,2025-08-09T00:00:00Z,3698.5,0.0,True
ETH,2025-07-13T00:00:00Z,1d,MAX,UNIQUE_TOP_CANDIDATE,-6.0,2025-07-07T00:00:00Z,3,EXTENSION,2.618,EXTENSION_2.618,HIGH,2025-08-30T23:28:19Z,2025-08-30T00:00:00Z,3783.3,0.0,True
ETH,2025-08-24T00:00:00Z,1d,STRICT,UNIQUE_TOP_CANDIDATE,1.0,2025-08-25T00:00:00Z,1,EXTENSION,1.272,EXTENSION_1.272,HIGH,2025-09-20T17:05:16Z,2025-09-20T00:00:00Z,3843.3,0.0,True
ETH,2025-08-24T00:00:00Z,1d,STRICT,UNIQUE_TOP_CANDIDATE,1.0,2025-08-25T00:00:00Z,2,EXTENSION,1.618,EXTENSION_1.618,HIGH,2025-09-27T23:28:19Z,2025-09-27T00:00:00Z,3457.5,0.0,True
ETH,2025-08-24T00:00:00Z,1d,STRICT,UNIQUE_TOP_CANDIDATE,1.0,2025-08-25T00:00:00Z,3,EXTENSION,2.618,EXTENSION_2.618,HIGH,2025-10-18T23:28:19Z,2025-10-18T00:00:00Z,3375.0,0.0,True
ETH,2025-08-24T00:00:00Z,1d,NORMAL,UNIQUE_TOP_CANDIDATE,1.0,2025-08-25T00:00:00Z,1,EXTENSION,1.272,EXTENSION_1.272,HIGH,2025-09-20T17:05:16Z,2025-09-20T00:00:00Z,3843.3,0.0,True
ETH,2025-08-24T00:00:00Z,1d,NORMAL,UNIQUE_TOP_CANDIDATE,1.0,2025-08-25T00:00:00Z,2,EXTENSION,1.618,EXTENSION_1.618,HIGH,2025-09-27T23:28:19Z,2025-09-27T00:00:00Z,3457.5,0.0,True
ETH,2025-08-24T00:00:00Z,1d,NORMAL,UNIQUE_TOP_CANDIDATE,1.0,2025-08-25T00:00:00Z,3,EXTENSION,2.618,EXTENSION_2.618,HIGH,2025-10-18T23:28:19Z,2025-10-18T00:00:00Z,3375.0,0.0,True
ETH,2025-08-24T00:00:00Z,1d,MAX,UNIQUE_TOP_CANDIDATE,1.0,2025-08-25T00:00:00Z,1,EXTENSION,1.272,EXTENSION_1.272,HIGH,2025-09-20T17:05:16Z,2025-09-20T00:00:00Z,3843.3,0.0,True
ETH,2025-08-24T00:00:00Z,1d,MAX,UNIQUE_TOP_CANDIDATE,1.0,2025-08-25T00:00:00Z,2,EXTENSION,1.618,EXTENSION_1.618,HIGH,2025-09-27T23:28:19Z,2025-09-27T00:00:00Z,3457.5,0.0,True
ETH,2025-08-24T00:00:00Z,1d,MAX,UNIQUE_TOP_CANDIDATE,1.0,2025-08-25T00:00:00Z,3,EXTENSION,2.618,EXTENSION_2.618,HIGH,2025-10-18T23:28:19Z,2025-10-18T00:00:00Z,3375.0,0.0,True
ETH,2025-09-14T00:00:00Z,1d,STRICT,UNIQUE_TOP_CANDIDATE,2.0,2025-09-16T00:00:00Z,1,EXTENSION,1.272,EXTENSION_1.272,HIGH,2025-10-12T17:05:16Z,2025-10-12T00:00:00Z,3655.0,0.0,True
ETH,2025-09-14T00:00:00Z,1d,STRICT,UNIQUE_TOP_CANDIDATE,2.0,2025-09-16T00:00:00Z,2,EXTENSION,1.618,EXTENSION_1.618,HIGH,2025-10-19T23:28:19Z,2025-10-19T00:00:00Z,3461.8,0.0,True
ETH,2025-09-14T00:00:00Z,1d,STRICT,UNIQUE_TOP_CANDIDATE,2.0,2025-09-16T00:00:00Z,3,EXTENSION,2.618,EXTENSION_2.618,HIGH,2025-11-09T23:28:19Z,2025-11-09T00:00:00Z,3133.5,0.0,True
ETH,2025-09-14T00:00:00Z,1d,NORMAL,UNIQUE_TOP_CANDIDATE,2.0,2025-09-16T00:00:00Z,1,EXTENSION,1.272,EXTENSION_1.272,HIGH,2025-10-12T17:05:16Z,2025-10-12T00:00:00Z,3655.0,0.0,True
ETH,2025-09-14T00:00:00Z,1d,NORMAL,UNIQUE_TOP_CANDIDATE,2.0,2025-09-16T00:00:00Z,2,EXTENSION,1.618,EXTENSION_1.618,HIGH,2025-10-19T23:28:19Z,2025-10-19T00:00:00Z,3461.8,0.0,True
ETH,2025-09-14T00:00:00Z,1d,NORMAL,UNIQUE_TOP_CANDIDATE,2.0,2025-09-16T00:00:00Z,3,EXTENSION,2.618,EXTENSION_2.618,HIGH,2025-11-09T23:28:19Z,2025-11-09T00:00:00Z,3133.5,0.0,True
ETH,2025-09-14T00:00:00Z,1d,MAX,UNIQUE_TOP_CANDIDATE,2.0,2025-09-16T00:00:00Z,1,EXTENSION,1.272,EXTENSION_1.272,HIGH,2025-10-12T17:05:16Z,2025-10-12T00:00:00Z,3655.0,0.0,True
ETH,2025-09-14T00:00:00Z,1d,MAX,UNIQUE_TOP_CANDIDATE,2.0,2025-09-16T00:00:00Z,2,EXTENSION,1.618,EXTENSION_1.618,HIGH,2025-10-19T23:28:19Z,2025-10-19T00:00:00Z,3461.8,0.0,True
ETH,2025-09-14T00:00:00Z,1d,MAX,UNIQUE_TOP_CANDIDATE,2.0,2025-09-16T00:00:00Z,3,EXTENSION,2.618,EXTENSION_2.618,HIGH,2025-11-09T23:28:19Z,2025-11-09T00:00:00Z,3133.5,0.0,True
ETH,2025-10-05T00:00:00Z,1d,STRICT,UNIQUE_TOP_CANDIDATE,0.0,2025-10-05T00:00:00Z,1,EXTENSION,1.272,EXTENSION_1.272,HIGH,2025-10-31T17:05:16Z,2025-10-31T00:00:00Z,3384.6,0.0,True
ETH,2025-10-05T00:00:00Z,1d,STRICT,UNIQUE_TOP_CANDIDATE,0.0,2025-10-05T00:00:00Z,2,EXTENSION,1.618,EXTENSION_1.618,HIGH,2025-11-07T23:28:19Z,2025-11-07T00:00:00Z,3001.95,0.0,True
ETH,2025-10-05T00:00:00Z,1d,STRICT,UNIQUE_TOP_CANDIDATE,0.0,2025-10-05T00:00:00Z,3,EXTENSION,2.618,EXTENSION_2.618,HIGH,2025-11-28T23:28:19Z,2025-11-28T00:00:00Z,2680.0,0.0,True
ETH,2025-10-05T00:00:00Z,1d,NORMAL,UNIQUE_TOP_CANDIDATE,0.0,2025-10-05T00:00:00Z,1,EXTENSION,1.272,EXTENSION_1.272,HIGH,2025-10-31T17:05:16Z,2025-10-31T00:00:00Z,3384.6,0.0,True
ETH,2025-10-05T00:00:00Z,1d,NORMAL,UNIQUE_TOP_CANDIDATE,0.0,2025-10-05T00:00:00Z,2,EXTENSION,1.618,EXTENSION_1.618,HIGH,2025-11-07T23:28:19Z,2025-11-07T00:00:00Z,3001.95,0.0,True
ETH,2025-10-05T00:00:00Z,1d,NORMAL,UNIQUE_TOP_CANDIDATE,0.0,2025-10-05T00:00:00Z,3,EXTENSION,2.618,EXTENSION_2.618,HIGH,2025-11-28T23:28:19Z,2025-11-28T00:00:00Z,2680.0,0.0,True
ETH,2025-10-05T00:00:00Z,1d,MAX,UNIQUE_TOP_CANDIDATE,0.0,2025-10-05T00:00:00Z,1,EXTENSION,1.272,EXTENSION_1.272,HIGH,2025-10-31T17:05:16Z,2025-10-31T00:00:00Z,3384.6,0.0,True
ETH,2025-10-05T00:00:00Z,1d,MAX,UNIQUE_TOP_CANDIDATE,0.0,2025-10-05T00:00:00Z,2,EXTENSION,1.618,EXTENSION_1.618,HIGH,2025-11-07T23:28:19Z,2025-11-07T00:00:00Z,3001.95,0.0,True
ETH,2025-10-05T00:00:00Z,1d,MAX,UNIQUE_TOP_CANDIDATE,0.0,2025-10-05T00:00:00Z,3,EXTENSION,2.618,EXTENSION_2.618,HIGH,2025-11-28T23:28:19Z,2025-11-28T00:00:00Z,2680.0,0.0,True
ETH,2026-01-18T00:00:00Z,1d,STRICT,UNIQUE_TOP_CANDIDATE,-6.0,2026-01-12T00:00:00Z,1,EXTENSION,1.272,EXTENSION_1.272,HIGH,2026-02-07T17:05:16Z,2026-02-07T00:00:00Z,1798.75,0.0,True
ETH,2026-01-18T00:00:00Z,1d,STRICT,UNIQUE_TOP_CANDIDATE,-6.0,2026-01-12T00:00:00Z,2,EXTENSION,1.618,EXTENSION_1.618,HIGH,2026-02-14T23:28:19Z,2026-02-14T00:00:00Z,1777.01,0.0,True
ETH,2026-01-18T00:00:00Z,1d,STRICT,UNIQUE_TOP_CANDIDATE,-6.0,2026-01-12T00:00:00Z,3,EXTENSION,2.618,EXTENSION_2.618,HIGH,2026-03-07T23:28:19Z,2026-03-07T00:00:00Z,1720.0,0.0,True
ETH,2026-01-18T00:00:00Z,1d,NORMAL,UNIQUE_TOP_CANDIDATE,-6.0,2026-01-12T00:00:00Z,1,EXTENSION,1.272,EXTENSION_1.272,HIGH,2026-02-07T17:05:16Z,2026-02-07T00:00:00Z,1798.75,0.0,True
ETH,2026-01-18T00:00:00Z,1d,NORMAL,UNIQUE_TOP_CANDIDATE,-6.0,2026-01-12T00:00:00Z,2,EXTENSION,1.618,EXTENSION_1.618,HIGH,2026-02-14T23:28:19Z,2026-02-14T00:00:00Z,1777.01,0.0,True
ETH,2026-01-18T00:00:00Z,1d,NORMAL,UNIQUE_TOP_CANDIDATE,-6.0,2026-01-12T00:00:00Z,3,EXTENSION,2.618,EXTENSION_2.618,HIGH,2026-03-07T23:28:19Z,2026-03-07T00:00:00Z,1720.0,0.0,True
ETH,2026-01-18T00:00:00Z,1d,MAX,UNIQUE_TOP_CANDIDATE,8.0,2026-01-26T00:00:00Z,1,EXTENSION,1.272,EXTENSION_1.272,HIGH,2026-02-21T17:05:16Z,2026-02-21T00:00:00Z,1693.9,0.0,True
ETH,2026-01-18T00:00:00Z,1d,MAX,UNIQUE_TOP_CANDIDATE,8.0,2026-01-26T00:00:00Z,2,EXTENSION,1.618,EXTENSION_1.618,HIGH,2026-02-28T23:28:19Z,2026-02-28T00:00:00Z,1684.0,0.0,True
ETH,2026-01-18T00:00:00Z,1d,MAX,UNIQUE_TOP_CANDIDATE,8.0,2026-01-26T00:00:00Z,3,EXTENSION,2.618,EXTENSION_2.618,HIGH,2026-03-21T23:28:19Z,2026-03-21T00:00:00Z,1874.36,0.0,True
ETH,2026-05-03T00:00:00Z,1d,STRICT,UNIQUE_TOP_CANDIDATE,-10.5,2026-04-22T12:00:00Z,1,EXTENSION,1.272,EXTENSION_1.272,HIGH,2026-05-19T05:05:16Z,2026-05-19T00:00:00Z,1842.22,0.0,True
ETH,2026-05-03T00:00:00Z,1d,STRICT,UNIQUE_TOP_CANDIDATE,-10.5,2026-04-22T12:00:00Z,2,EXTENSION,1.618,EXTENSION_1.618,HIGH,2026-05-26T11:28:19Z,2026-05-26T00:00:00Z,1839.51,0.0,True
ETH,2026-05-03T00:00:00Z,1d,STRICT,UNIQUE_TOP_CANDIDATE,-10.5,2026-04-22T12:00:00Z,3,EXTENSION,2.618,EXTENSION_2.618,HIGH,2026-06-16T11:28:19Z,2026-06-16T00:00:00Z,1585.61,0.0,True
ETH,2026-05-03T00:00:00Z,1d,NORMAL,UNIQUE_TOP_CANDIDATE,-10.5,2026-04-22T12:00:00Z,1,EXTENSION,1.272,EXTENSION_1.272,HIGH,2026-05-19T05:05:16Z,2026-05-19T00:00:00Z,1842.22,0.0,True
ETH,2026-05-03T00:00:00Z,1d,NORMAL,UNIQUE_TOP_CANDIDATE,-10.5,2026-04-22T12:00:00Z,2,EXTENSION,1.618,EXTENSION_1.618,HIGH,2026-05-26T11:28:19Z,2026-05-26T00:00:00Z,1839.51,0.0,True
ETH,2026-05-03T00:00:00Z,1d,NORMAL,UNIQUE_TOP_CANDIDATE,-10.5,2026-04-22T12:00:00Z,3,EXTENSION,2.618,EXTENSION_2.618,HIGH,2026-06-16T11:28:19Z,2026-06-16T00:00:00Z,1585.61,0.0,True
ETH,2026-05-03T00:00:00Z,1d,MAX,UNIQUE_TOP_CANDIDATE,-10.5,2026-04-22T12:00:00Z,1,EXTENSION,1.272,EXTENSION_1.272,HIGH,2026-05-19T05:05:16Z,2026-05-19T00:00:00Z,1842.22,0.0,True
ETH,2026-05-03T00:00:00Z,1d,MAX,UNIQUE_TOP_CANDIDATE,-10.5,2026-04-22T12:00:00Z,2,EXTENSION,1.618,EXTENSION_1.618,HIGH,2026-05-26T11:28:19Z,2026-05-26T00:00:00Z,1839.51,0.0,True
ETH,2026-05-03T00:00:00Z,1d,MAX,UNIQUE_TOP_CANDIDATE,-10.5,2026-04-22T12:00:00Z,3,EXTENSION,2.618,EXTENSION_2.618,HIGH,2026-06-16T11:28:19Z,2026-06-16T00:00:00Z,1585.61,0.0,True
FIL,2024-10-13T00:00:00Z,1d,STRICT,UNIQUE_TOP_CANDIDATE,-10.5,2024-10-02T12:00:00Z,1,EXTENSION,1.272,EXTENSION_1.272,HIGH,2024-10-29T05:05:16Z,2024-10-29T00:00:00Z,3.4512,0.0,True
FIL,2024-10-13T00:00:00Z,1d,STRICT,UNIQUE_TOP_CANDIDATE,-10.5,2024-10-02T12:00:00Z,2,EXTENSION,1.618,EXTENSION_1.618,HIGH,2024-11-05T11:28:19Z,2024-11-05T00:00:00Z,3.141,0.0,True
FIL,2024-10-13T00:00:00Z,1d,STRICT,UNIQUE_TOP_CANDIDATE,-10.5,2024-10-02T12:00:00Z,3,EXTENSION,2.618,EXTENSION_2.618,HIGH,2024-11-26T11:28:19Z,2024-11-26T00:00:00Z,5.5019,0.0,True
FIL,2024-10-13T00:00:00Z,1d,NORMAL,UNIQUE_TOP_CANDIDATE,-10.5,2024-10-02T12:00:00Z,1,EXTENSION,1.272,EXTENSION_1.272,HIGH,2024-10-29T05:05:16Z,2024-10-29T00:00:00Z,3.4512,0.0,True
FIL,2024-10-13T00:00:00Z,1d,NORMAL,UNIQUE_TOP_CANDIDATE,-10.5,2024-10-02T12:00:00Z,2,EXTENSION,1.618,EXTENSION_1.618,HIGH,2024-11-05T11:28:19Z,2024-11-05T00:00:00Z,3.141,0.0,True
FIL,2024-10-13T00:00:00Z,1d,NORMAL,UNIQUE_TOP_CANDIDATE,-10.5,2024-10-02T12:00:00Z,3,EXTENSION,2.618,EXTENSION_2.618,HIGH,2024-11-26T11:28:19Z,2024-11-26T00:00:00Z,5.5019,0.0,True
FIL,2024-10-13T00:00:00Z,1d,MAX,UNIQUE_TOP_CANDIDATE,-10.5,2024-10-02T12:00:00Z,1,EXTENSION,1.272,EXTENSION_1.272,HIGH,2024-10-29T05:05:16Z,2024-10-29T00:00:00Z,3.4512,0.0,True
FIL,2024-10-13T00:00:00Z,1d,MAX,UNIQUE_TOP_CANDIDATE,-10.5,2024-10-02T12:00:00Z,2,EXTENSION,1.618,EXTENSION_1.618,HIGH,2024-11-05T11:28:19Z,2024-11-05T00:00:00Z,3.141,0.0,True
FIL,2024-10-13T00:00:00Z,1d,MAX,UNIQUE_TOP_CANDIDATE,-10.5,2024-10-02T12:00:00Z,3,EXTENSION,2.618,EXTENSION_2.618,HIGH,2024-11-26T11:28:19Z,2024-11-26T00:00:00Z,5.5019,0.0,True
FIL,2024-12-15T00:00:00Z,1d,STRICT,UNIQUE_TOP_CANDIDATE,-3.0,2024-12-12T00:00:00Z,1,EXTENSION,1.272,EXTENSION_1.272,HIGH,2025-01-07T17:05:16Z,2025-01-07T00:00:00Z,5.8665,0.0,True
FIL,2024-12-15T00:00:00Z,1d,STRICT,UNIQUE_TOP_CANDIDATE,-3.0,2024-12-12T00:00:00Z,2,EXTENSION,1.618,EXTENSION_1.618,HIGH,2025-01-14T23:28:19Z,2025-01-14T00:00:00Z,5.0929,0.0,True
FIL,2024-12-15T00:00:00Z,1d,STRICT,UNIQUE_TOP_CANDIDATE,-3.0,2024-12-12T00:00:00Z,3,EXTENSION,2.618,EXTENSION_2.618,HIGH,2025-02-04T23:28:19Z,2025-02-04T00:00:00Z,3.4077,0.0,True
FIL,2024-12-15T00:00:00Z,1d,NORMAL,UNIQUE_TOP_CANDIDATE,-3.0,2024-12-12T00:00:00Z,1,EXTENSION,1.272,EXTENSION_1.272,HIGH,2025-01-07T17:05:16Z,2025-01-07T00:00:00Z,5.8665,0.0,True
FIL,2024-12-15T00:00:00Z,1d,NORMAL,UNIQUE_TOP_CANDIDATE,-3.0,2024-12-12T00:00:00Z,2,EXTENSION,1.618,EXTENSION_1.618,HIGH,2025-01-14T23:28:19Z,2025-01-14T00:00:00Z,5.0929,0.0,True
FIL,2024-12-15T00:00:00Z,1d,NORMAL,UNIQUE_TOP_CANDIDATE,-3.0,2024-12-12T00:00:00Z,3,EXTENSION,2.618,EXTENSION_2.618,HIGH,2025-02-04T23:28:19Z,2025-02-04T00:00:00Z,3.4077,0.0,True
FIL,2024-12-15T00:00:00Z,1d,MAX,UNIQUE_TOP_CANDIDATE,-3.0,2024-12-12T00:00:00Z,1,EXTENSION,1.272,EXTENSION_1.272,HIGH,2025-01-07T17:05:16Z,2025-01-07T00:00:00Z,5.8665,0.0,True
FIL,2024-12-15T00:00:00Z,1d,MAX,UNIQUE_TOP_CANDIDATE,-3.0,2024-12-12T00:00:00Z,2,EXTENSION,1.618,EXTENSION_1.618,HIGH,2025-01-14T23:28:19Z,2025-01-14T00:00:00Z,5.0929,0.0,True
FIL,2024-12-15T00:00:00Z,1d,MAX,UNIQUE_TOP_CANDIDATE,-3.0,2024-12-12T00:00:00Z,3,EXTENSION,2.618,EXTENSION_2.618,HIGH,2025-02-04T23:28:19Z,2025-02-04T00:00:00Z,3.4077,0.0,True
FIL,2025-01-05T00:00:00Z,1d,STRICT,UNIQUE_TOP_CANDIDATE,-5.0,2024-12-31T00:00:00Z,1,EXTENSION,1.272,EXTENSION_1.272,HIGH,2025-01-26T17:05:16Z,2025-01-26T00:00:00Z,4.9424,0.0,True
FIL,2025-01-05T00:00:00Z,1d,STRICT,UNIQUE_TOP_CANDIDATE,-5.0,2024-12-31T00:00:00Z,2,EXTENSION,1.618,EXTENSION_1.618,HIGH,2025-02-02T23:28:19Z,2025-02-02T00:00:00Z,4.3236,0.0,True
FIL,2025-01-05T00:00:00Z,1d,STRICT,UNIQUE_TOP_CANDIDATE,-5.0,2024-12-31T00:00:00Z,3,EXTENSION,2.618,EXTENSION_2.618,HIGH,2025-02-23T23:28:19Z,2025-02-23T00:00:00Z,3.3493,0.0,True
FIL,2025-01-05T00:00:00Z,1d,NORMAL,UNIQUE_TOP_CANDIDATE,-5.0,2024-12-31T00:00:00Z,1,EXTENSION,1.272,EXTENSION_1.272,HIGH,2025-01-26T17:05:16Z,2025-01-26T00:00:00Z,4.9424,0.0,True
FIL,2025-01-05T00:00:00Z,1d,NORMAL,UNIQUE_TOP_CANDIDATE,-5.0,2024-12-31T00:00:00Z,2,EXTENSION,1.618,EXTENSION_1.618,HIGH,2025-02-02T23:28:19Z,2025-02-02T00:00:00Z,4.3236,0.0,True
FIL,2025-01-05T00:00:00Z,1d,NORMAL,UNIQUE_TOP_CANDIDATE,-5.0,2024-12-31T00:00:00Z,3,EXTENSION,2.618,EXTENSION_2.618,HIGH,2025-02-23T23:28:19Z,2025-02-23T00:00:00Z,3.3493,0.0,True
FIL,2025-01-05T00:00:00Z,1d,MAX,UNIQUE_TOP_CANDIDATE,-10.0,2024-12-26T00:00:00Z,1,EXTENSION,1.272,EXTENSION_1.272,HIGH,2025-01-21T17:05:16Z,2025-01-21T00:00:00Z,5.1287,0.0,True
FIL,2025-01-05T00:00:00Z,1d,MAX,UNIQUE_TOP_CANDIDATE,-10.0,2024-12-26T00:00:00Z,2,EXTENSION,1.618,EXTENSION_1.618,HIGH,2025-01-28T23:28:19Z,2025-01-28T00:00:00Z,4.5255,0.0,True
FIL,2025-01-05T00:00:00Z,1d,MAX,UNIQUE_TOP_CANDIDATE,-10.0,2024-12-26T00:00:00Z,3,EXTENSION,2.618,EXTENSION_2.618,HIGH,2025-02-18T23:28:19Z,2025-02-18T00:00:00Z,3.2776,0.0,True
FIL,2025-01-26T00:00:00Z,1d,STRICT,UNIQUE_TOP_CANDIDATE,0.0,2025-01-26T00:00:00Z,1,EXTENSION,1.272,EXTENSION_1.272,HIGH,2025-02-21T17:05:16Z,2025-02-21T00:00:00Z,3.4337,0.0,True
FIL,2025-01-26T00:00:00Z,1d,STRICT,UNIQUE_TOP_CANDIDATE,0.0,2025-01-26T00:00:00Z,2,EXTENSION,1.618,EXTENSION_1.618,HIGH,2025-02-28T23:28:19Z,2025-02-28T00:00:00Z,3.2014,0.0,True
FIL,2025-01-26T00:00:00Z,1d,STRICT,UNIQUE_TOP_CANDIDATE,0.0,2025-01-26T00:00:00Z,3,EXTENSION,2.618,EXTENSION_2.618,HIGH,2025-03-21T23:28:19Z,2025-03-21T00:00:00Z,2.8279,0.0,True
FIL,2025-01-26T00:00:00Z,1d,NORMAL,UNIQUE_TOP_CANDIDATE,0.0,2025-01-26T00:00:00Z,1,EXTENSION,1.272,EXTENSION_1.272,HIGH,2025-02-21T17:05:16Z,2025-02-21T00:00:00Z,3.4337,0.0,True
FIL,2025-01-26T00:00:00Z,1d,NORMAL,UNIQUE_TOP_CANDIDATE,0.0,2025-01-26T00:00:00Z,2,EXTENSION,1.618,EXTENSION_1.618,HIGH,2025-02-28T23:28:19Z,2025-02-28T00:00:00Z,3.2014,0.0,True
FIL,2025-01-26T00:00:00Z,1d,NORMAL,UNIQUE_TOP_CANDIDATE,0.0,2025-01-26T00:00:00Z,3,EXTENSION,2.618,EXTENSION_2.618,HIGH,2025-03-21T23:28:19Z,2025-03-21T00:00:00Z,2.8279,0.0,True
FIL,2025-01-26T00:00:00Z,1d,MAX,UNIQUE_TOP_CANDIDATE,0.0,2025-01-26T00:00:00Z,1,EXTENSION,1.272,EXTENSION_1.272,HIGH,2025-02-21T17:05:16Z,2025-02-21T00:00:00Z,3.4337,0.0,True
FIL,2025-01-26T00:00:00Z,1d,MAX,UNIQUE_TOP_CANDIDATE,0.0,2025-01-26T00:00:00Z,2,EXTENSION,1.618,EXTENSION_1.618,HIGH,2025-02-28T23:28:19Z,2025-02-28T00:00:00Z,3.2014,0.0,True
FIL,2025-01-26T00:00:00Z,1d,MAX,UNIQUE_TOP_CANDIDATE,0.0,2025-01-26T00:00:00Z,3,EXTENSION,2.618,EXTENSION_2.618,HIGH,2025-03-21T23:28:19Z,2025-03-21T00:00:00Z,2.8279,0.0,True
FIL,2025-02-16T00:00:00Z,1d,STRICT,UNIQUE_TOP_CANDIDATE,-6.0,2025-02-10T00:00:00Z,1,EXTENSION,1.272,EXTENSION_1.272,HIGH,2025-03-08T17:05:16Z,2025-03-08T00:00:00Z,2.9077,0.0,True
FIL,2025-02-16T00:00:00Z,1d,STRICT,UNIQUE_TOP_CANDIDATE,-6.0,2025-02-10T00:00:00Z,2,EXTENSION,1.618,EXTENSION_1.618,HIGH,2025-03-15T23:28:19Z,2025-03-15T00:00:00Z,2.7323,0.0,True
FIL,2025-02-16T00:00:00Z,1d,STRICT,UNIQUE_TOP_CANDIDATE,-6.0,2025-02-10T00:00:00Z,3,EXTENSION,2.618,EXTENSION_2.618,HIGH,2025-04-05T23:28:19Z,2025-04-05T00:00:00Z,2.5322,0.0,True
FIL,2025-02-16T00:00:00Z,1d,NORMAL,UNIQUE_TOP_CANDIDATE,-6.0,2025-02-10T00:00:00Z,1,EXTENSION,1.272,EXTENSION_1.272,HIGH,2025-03-08T17:05:16Z,2025-03-08T00:00:00Z,2.9077,0.0,True
FIL,2025-02-16T00:00:00Z,1d,NORMAL,UNIQUE_TOP_CANDIDATE,-6.0,2025-02-10T00:00:00Z,2,EXTENSION,1.618,EXTENSION_1.618,HIGH,2025-03-15T23:28:19Z,2025-03-15T00:00:00Z,2.7323,0.0,True
FIL,2025-02-16T00:00:00Z,1d,NORMAL,UNIQUE_TOP_CANDIDATE,-6.0,2025-02-10T00:00:00Z,3,EXTENSION,2.618,EXTENSION_2.618,HIGH,2025-04-05T23:28:19Z,2025-04-05T00:00:00Z,2.5322,0.0,True
FIL,2025-02-16T00:00:00Z,1d,MAX,UNIQUE_TOP_CANDIDATE,-6.0,2025-02-10T00:00:00Z,1,EXTENSION,1.272,EXTENSION_1.272,HIGH,2025-03-08T17:05:16Z,2025-03-08T00:00:00Z,2.9077,0.0,True
FIL,2025-02-16T00:00:00Z,1d,MAX,UNIQUE_TOP_CANDIDATE,-6.0,2025-02-10T00:00:00Z,2,EXTENSION,1.618,EXTENSION_1.618,HIGH,2025-03-15T23:28:19Z,2025-03-15T00:00:00Z,2.7323,0.0,True
FIL,2025-02-16T00:00:00Z,1d,MAX,UNIQUE_TOP_CANDIDATE,-6.0,2025-02-10T00:00:00Z,3,EXTENSION,2.618,EXTENSION_2.618,HIGH,2025-04-05T23:28:19Z,2025-04-05T00:00:00Z,2.5322,0.0,True
FIL,2025-03-09T00:00:00Z,1d,STRICT,UNIQUE_TOP_CANDIDATE,-5.0,2025-03-04T00:00:00Z,1,EXTENSION,1.272,EXTENSION_1.272,HIGH,2025-03-30T17:05:16Z,2025-03-30T00:00:00Z,2.5823,0.0,True
FIL,2025-03-09T00:00:00Z,1d,STRICT,UNIQUE_TOP_CANDIDATE,-5.0,2025-03-04T00:00:00Z,2,EXTENSION,1.618,EXTENSION_1.618,HIGH,2025-04-06T23:28:19Z,2025-04-06T00:00:00Z,2.4636,0.0,True
FIL,2025-03-09T00:00:00Z,1d,STRICT,UNIQUE_TOP_CANDIDATE,-5.0,2025-03-04T00:00:00Z,3,EXTENSION,2.618,EXTENSION_2.618,HIGH,2025-04-27T23:28:19Z,2025-04-27T00:00:00Z,2.5413,0.0,True
FIL,2025-03-09T00:00:00Z,1d,NORMAL,UNIQUE_TOP_CANDIDATE,-5.0,2025-03-04T00:00:00Z,1,EXTENSION,1.272,EXTENSION_1.272,HIGH,2025-03-30T17:05:16Z,2025-03-30T00:00:00Z,2.5823,0.0,True
FIL,2025-03-09T00:00:00Z,1d,NORMAL,UNIQUE_TOP_CANDIDATE,-5.0,2025-03-04T00:00:00Z,2,EXTENSION,1.618,EXTENSION_1.618,HIGH,2025-04-06T23:28:19Z,2025-04-06T00:00:00Z,2.4636,0.0,True
FIL,2025-03-09T00:00:00Z,1d,NORMAL,UNIQUE_TOP_CANDIDATE,-5.0,2025-03-04T00:00:00Z,3,EXTENSION,2.618,EXTENSION_2.618,HIGH,2025-04-27T23:28:19Z,2025-04-27T00:00:00Z,2.5413,0.0,True
FIL,2025-03-09T00:00:00Z,1d,MAX,UNIQUE_TOP_CANDIDATE,-5.0,2025-03-04T00:00:00Z,1,EXTENSION,1.272,EXTENSION_1.272,HIGH,2025-03-30T17:05:16Z,2025-03-30T00:00:00Z,2.5823,0.0,True
FIL,2025-03-09T00:00:00Z,1d,MAX,UNIQUE_TOP_CANDIDATE,-5.0,2025-03-04T00:00:00Z,2,EXTENSION,1.618,EXTENSION_1.618,HIGH,2025-04-06T23:28:19Z,2025-04-06T00:00:00Z,2.4636,0.0,True
FIL,2025-03-09T00:00:00Z,1d,MAX,UNIQUE_TOP_CANDIDATE,-5.0,2025-03-04T00:00:00Z,3,EXTENSION,2.618,EXTENSION_2.618,HIGH,2025-04-27T23:28:19Z,2025-04-27T00:00:00Z,2.5413,0.0,True
FIL,2025-04-20T00:00:00Z,1d,STRICT,UNIQUE_TOP_CANDIDATE,-9.0,2025-04-11T00:00:00Z,1,EXTENSION,1.272,EXTENSION_1.272,HIGH,2025-05-07T17:05:16Z,2025-05-07T00:00:00Z,2.3077,0.0,True
FIL,2025-04-20T00:00:00Z,1d,STRICT,UNIQUE_TOP_CANDIDATE,-9.0,2025-04-11T00:00:00Z,2,EXTENSION,1.618,EXTENSION_1.618,HIGH,2025-05-14T23:28:19Z,2025-05-14T00:00:00Z,2.9357,0.0,True
FIL,2025-04-20T00:00:00Z,1d,STRICT,UNIQUE_TOP_CANDIDATE,-9.0,2025-04-11T00:00:00Z,3,EXTENSION,2.618,EXTENSION_2.618,HIGH,2025-06-04T23:28:19Z,2025-06-04T00:00:00Z,2.3382,0.0,True
FIL,2025-04-20T00:00:00Z,1d,NORMAL,UNIQUE_TOP_CANDIDATE,-9.0,2025-04-11T00:00:00Z,1,EXTENSION,1.272,EXTENSION_1.272,HIGH,2025-05-07T17:05:16Z,2025-05-07T00:00:00Z,2.3077,0.0,True
FIL,2025-04-20T00:00:00Z,1d,NORMAL,UNIQUE_TOP_CANDIDATE,-9.0,2025-04-11T00:00:00Z,2,EXTENSION,1.618,EXTENSION_1.618,HIGH,2025-05-14T23:28:19Z,2025-05-14T00:00:00Z,2.9357,0.0,True
FIL,2025-04-20T00:00:00Z,1d,NORMAL,UNIQUE_TOP_CANDIDATE,-9.0,2025-04-11T00:00:00Z,3,EXTENSION,2.618,EXTENSION_2.618,HIGH,2025-06-04T23:28:19Z,2025-06-04T00:00:00Z,2.3382,0.0,True
FIL,2025-04-20T00:00:00Z,1d,MAX,UNIQUE_TOP_CANDIDATE,-9.0,2025-04-11T00:00:00Z,1,EXTENSION,1.272,EXTENSION_1.272,HIGH,2025-05-07T17:05:16Z,2025-05-07T00:00:00Z,2.3077,0.0,True
FIL,2025-04-20T00:00:00Z,1d,MAX,UNIQUE_TOP_CANDIDATE,-9.0,2025-04-11T00:00:00Z,2,EXTENSION,1.618,EXTENSION_1.618,HIGH,2025-05-14T23:28:19Z,2025-05-14T00:00:00Z,2.9357,0.0,True
FIL,2025-04-20T00:00:00Z,1d,MAX,UNIQUE_TOP_CANDIDATE,-9.0,2025-04-11T00:00:00Z,3,EXTENSION,2.618,EXTENSION_2.618,HIGH,2025-06-04T23:28:19Z,2025-06-04T00:00:00Z,2.3382,0.0,True
FIL,2025-05-11T00:00:00Z,1d,STRICT,UNIQUE_TOP_CANDIDATE,-2.0,2025-05-09T00:00:00Z,1,EXTENSION,1.272,EXTENSION_1.272,HIGH,2025-06-04T17:05:16Z,2025-06-04T00:00:00Z,2.3382,0.0,True
FIL,2025-05-11T00:00:00Z,1d,STRICT,UNIQUE_TOP_CANDIDATE,-2.0,2025-05-09T00:00:00Z,2,EXTENSION,1.618,EXTENSION_1.618,HIGH,2025-06-11T23:28:19Z,2025-06-11T00:00:00Z,2.4085,0.0,True
FIL,2025-05-11T00:00:00Z,1d,STRICT,UNIQUE_TOP_CANDIDATE,-2.0,2025-05-09T00:00:00Z,3,EXTENSION,2.618,EXTENSION_2.618,HIGH,2025-07-02T23:28:19Z,2025-07-02T00:00:00Z,2.0608,0.0,True
FIL,2025-05-11T00:00:00Z,1d,NORMAL,UNIQUE_TOP_CANDIDATE,-2.0,2025-05-09T00:00:00Z,1,EXTENSION,1.272,EXTENSION_1.272,HIGH,2025-06-04T17:05:16Z,2025-06-04T00:00:00Z,2.3382,0.0,True
FIL,2025-05-11T00:00:00Z,1d,NORMAL,UNIQUE_TOP_CANDIDATE,-2.0,2025-05-09T00:00:00Z,2,EXTENSION,1.618,EXTENSION_1.618,HIGH,2025-06-11T23:28:19Z,2025-06-11T00:00:00Z,2.4085,0.0,True
FIL,2025-05-11T00:00:00Z,1d,NORMAL,UNIQUE_TOP_CANDIDATE,-2.0,2025-05-09T00:00:00Z,3,EXTENSION,2.618,EXTENSION_2.618,HIGH,2025-07-02T23:28:19Z,2025-07-02T00:00:00Z,2.0608,0.0,True
FIL,2025-05-11T00:00:00Z,1d,MAX,UNIQUE_TOP_CANDIDATE,-2.0,2025-05-09T00:00:00Z,1,EXTENSION,1.272,EXTENSION_1.272,HIGH,2025-06-04T17:05:16Z,2025-06-04T00:00:00Z,2.3382,0.0,True
FIL,2025-05-11T00:00:00Z,1d,MAX,UNIQUE_TOP_CANDIDATE,-2.0,2025-05-09T00:00:00Z,2,EXTENSION,1.618,EXTENSION_1.618,HIGH,2025-06-11T23:28:19Z,2025-06-11T00:00:00Z,2.4085,0.0,True
FIL,2025-05-11T00:00:00Z,1d,MAX,UNIQUE_TOP_CANDIDATE,-2.0,2025-05-09T00:00:00Z,3,EXTENSION,2.618,EXTENSION_2.618,HIGH,2025-07-02T23:28:19Z,2025-07-02T00:00:00Z,2.0608,0.0,True
FIL,2025-06-01T00:00:00Z,1d,STRICT,UNIQUE_TOP_CANDIDATE,-9.0,2025-05-23T00:00:00Z,1,EXTENSION,1.272,EXTENSION_1.272,HIGH,2025-06-18T17:05:16Z,2025-06-18T00:00:00Z,2.0962,0.0,True
FIL,2025-06-01T00:00:00Z,1d,STRICT,UNIQUE_TOP_CANDIDATE,-9.0,2025-05-23T00:00:00Z,2,EXTENSION,1.618,EXTENSION_1.618,HIGH,2025-06-25T23:28:19Z,2025-06-25T00:00:00Z,1.9885,0.0,True
FIL,2025-06-01T00:00:00Z,1d,STRICT,UNIQUE_TOP_CANDIDATE,-9.0,2025-05-23T00:00:00Z,3,EXTENSION,2.618,EXTENSION_2.618,HIGH,2025-07-16T23:28:19Z,2025-07-16T00:00:00Z,2.35,0.0,True
FIL,2025-06-01T00:00:00Z,1d,NORMAL,UNIQUE_TOP_CANDIDATE,-9.0,2025-05-23T00:00:00Z,1,EXTENSION,1.272,EXTENSION_1.272,HIGH,2025-06-18T17:05:16Z,2025-06-18T00:00:00Z,2.0962,0.0,True
FIL,2025-06-01T00:00:00Z,1d,NORMAL,UNIQUE_TOP_CANDIDATE,-9.0,2025-05-23T00:00:00Z,2,EXTENSION,1.618,EXTENSION_1.618,HIGH,2025-06-25T23:28:19Z,2025-06-25T00:00:00Z,1.9885,0.0,True
FIL,2025-06-01T00:00:00Z,1d,NORMAL,UNIQUE_TOP_CANDIDATE,-9.0,2025-05-23T00:00:00Z,3,EXTENSION,2.618,EXTENSION_2.618,HIGH,2025-07-16T23:28:19Z,2025-07-16T00:00:00Z,2.35,0.0,True
FIL,2025-06-01T00:00:00Z,1d,MAX,UNIQUE_TOP_CANDIDATE,-9.0,2025-05-23T00:00:00Z,1,EXTENSION,1.272,EXTENSION_1.272,HIGH,2025-06-18T17:05:16Z,2025-06-18T00:00:00Z,2.0962,0.0,True
FIL,2025-06-01T00:00:00Z,1d,MAX,UNIQUE_TOP_CANDIDATE,-9.0,2025-05-23T00:00:00Z,2,EXTENSION,1.618,EXTENSION_1.618,HIGH,2025-06-25T23:28:19Z,2025-06-25T00:00:00Z,1.9885,0.0,True
FIL,2025-06-01T00:00:00Z,1d,MAX,UNIQUE_TOP_CANDIDATE,-9.0,2025-05-23T00:00:00Z,3,EXTENSION,2.618,EXTENSION_2.618,HIGH,2025-07-16T23:28:19Z,2025-07-16T00:00:00Z,2.35,0.0,True
FIL,2025-07-13T00:00:00Z,1d,STRICT,UNIQUE_TOP_CANDIDATE,-6.0,2025-07-07T00:00:00Z,1,EXTENSION,1.272,EXTENSION_1.272,HIGH,2025-08-02T17:05:16Z,2025-08-02T00:00:00Z,2.0167,0.0,True
FIL,2025-07-13T00:00:00Z,1d,STRICT,UNIQUE_TOP_CANDIDATE,-6.0,2025-07-07T00:00:00Z,2,EXTENSION,1.618,EXTENSION_1.618,HIGH,2025-08-09T23:28:19Z,2025-08-09T00:00:00Z,2.2785,0.0,True
FIL,2025-07-13T00:00:00Z,1d,STRICT,UNIQUE_TOP_CANDIDATE,-6.0,2025-07-07T00:00:00Z,3,EXTENSION,2.618,EXTENSION_2.618,HIGH,2025-08-30T23:28:19Z,2025-08-30T00:00:00Z,1.9736,0.0,True
FIL,2025-07-13T00:00:00Z,1d,NORMAL,UNIQUE_TOP_CANDIDATE,-6.0,2025-07-07T00:00:00Z,1,EXTENSION,1.272,EXTENSION_1.272,HIGH,2025-08-02T17:05:16Z,2025-08-02T00:00:00Z,2.0167,0.0,True
FIL,2025-07-13T00:00:00Z,1d,NORMAL,UNIQUE_TOP_CANDIDATE,-6.0,2025-07-07T00:00:00Z,2,EXTENSION,1.618,EXTENSION_1.618,HIGH,2025-08-09T23:28:19Z,2025-08-09T00:00:00Z,2.2785,0.0,True
FIL,2025-07-13T00:00:00Z,1d,NORMAL,UNIQUE_TOP_CANDIDATE,-6.0,2025-07-07T00:00:00Z,3,EXTENSION,2.618,EXTENSION_2.618,HIGH,2025-08-30T23:28:19Z,2025-08-30T00:00:00Z,1.9736,0.0,True
FIL,2025-07-13T00:00:00Z,1d,MAX,UNIQUE_TOP_CANDIDATE,10.0,2025-07-23T00:00:00Z,1,EXTENSION,1.272,EXTENSION_1.272,HIGH,2025-08-18T17:05:16Z,2025-08-18T00:00:00Z,2.1685,0.0,True
FIL,2025-07-13T00:00:00Z,1d,MAX,UNIQUE_TOP_CANDIDATE,10.0,2025-07-23T00:00:00Z,2,EXTENSION,1.618,EXTENSION_1.618,HIGH,2025-08-25T23:28:19Z,2025-08-25T00:00:00Z,2.0784,0.0,True
FIL,2025-07-13T00:00:00Z,1d,MAX,UNIQUE_TOP_CANDIDATE,10.0,2025-07-23T00:00:00Z,3,EXTENSION,2.618,EXTENSION_2.618,HIGH,2025-09-15T23:28:19Z,2025-09-15T00:00:00Z,2.1744,0.0,True
FIL,2025-10-05T00:00:00Z,1d,STRICT,UNIQUE_TOP_CANDIDATE,6.0,2025-10-11T00:00:00Z,1,EXTENSION,1.272,EXTENSION_1.272,HIGH,2025-11-06T17:05:16Z,2025-11-06T00:00:00Z,1.7417,0.0,True
FIL,2025-10-05T00:00:00Z,1d,STRICT,UNIQUE_TOP_CANDIDATE,6.0,2025-10-11T00:00:00Z,2,EXTENSION,1.618,EXTENSION_1.618,HIGH,2025-11-13T23:28:19Z,2025-11-13T00:00:00Z,1.9307,0.0,True
FIL,2025-10-05T00:00:00Z,1d,STRICT,UNIQUE_TOP_CANDIDATE,6.0,2025-10-11T00:00:00Z,3,EXTENSION,2.618,EXTENSION_2.618,HIGH,2025-12-04T23:28:19Z,2025-12-04T00:00:00Z,1.383,0.0,True
FIL,2025-10-05T00:00:00Z,1d,NORMAL,UNIQUE_TOP_CANDIDATE,6.0,2025-10-11T00:00:00Z,1,EXTENSION,1.272,EXTENSION_1.272,HIGH,2025-11-06T17:05:16Z,2025-11-06T00:00:00Z,1.7417,0.0,True
FIL,2025-10-05T00:00:00Z,1d,NORMAL,UNIQUE_TOP_CANDIDATE,6.0,2025-10-11T00:00:00Z,2,EXTENSION,1.618,EXTENSION_1.618,HIGH,2025-11-13T23:28:19Z,2025-11-13T00:00:00Z,1.9307,0.0,True
FIL,2025-10-05T00:00:00Z,1d,NORMAL,UNIQUE_TOP_CANDIDATE,6.0,2025-10-11T00:00:00Z,3,EXTENSION,2.618,EXTENSION_2.618,HIGH,2025-12-04T23:28:19Z,2025-12-04T00:00:00Z,1.383,0.0,True
FIL,2025-10-05T00:00:00Z,1d,MAX,UNIQUE_TOP_CANDIDATE,6.0,2025-10-11T00:00:00Z,1,EXTENSION,1.272,EXTENSION_1.272,HIGH,2025-11-06T17:05:16Z,2025-11-06T00:00:00Z,1.7417,0.0,True
FIL,2025-10-05T00:00:00Z,1d,MAX,UNIQUE_TOP_CANDIDATE,6.0,2025-10-11T00:00:00Z,2,EXTENSION,1.618,EXTENSION_1.618,HIGH,2025-11-13T23:28:19Z,2025-11-13T00:00:00Z,1.9307,0.0,True
FIL,2025-10-05T00:00:00Z,1d,MAX,UNIQUE_TOP_CANDIDATE,6.0,2025-10-11T00:00:00Z,3,EXTENSION,2.618,EXTENSION_2.618,HIGH,2025-12-04T23:28:19Z,2025-12-04T00:00:00Z,1.383,0.0,True
FIL,2025-10-26T00:00:00Z,1d,STRICT,UNIQUE_TOP_CANDIDATE,-9.0,2025-10-17T00:00:00Z,1,EXTENSION,1.272,EXTENSION_1.272,HIGH,2025-11-12T17:05:16Z,2025-11-12T00:00:00Z,2.0388,0.0,True
FIL,2025-10-26T00:00:00Z,1d,STRICT,UNIQUE_TOP_CANDIDATE,-9.0,2025-10-17T00:00:00Z,2,EXTENSION,1.618,EXTENSION_1.618,HIGH,2025-11-19T23:28:19Z,2025-11-19T00:00:00Z,1.7463,0.0,True
FIL,2025-10-26T00:00:00Z,1d,STRICT,UNIQUE_TOP_CANDIDATE,-9.0,2025-10-17T00:00:00Z,3,EXTENSION,2.618,EXTENSION_2.618,HIGH,2025-12-10T23:28:19Z,2025-12-10T00:00:00Z,1.3297,0.0,True
FIL,2025-10-26T00:00:00Z,1d,NORMAL,UNIQUE_TOP_CANDIDATE,-9.0,2025-10-17T00:00:00Z,1,EXTENSION,1.272,EXTENSION_1.272,HIGH,2025-11-12T17:05:16Z,2025-11-12T00:00:00Z,2.0388,0.0,True
FIL,2025-10-26T00:00:00Z,1d,NORMAL,UNIQUE_TOP_CANDIDATE,-9.0,2025-10-17T00:00:00Z,2,EXTENSION,1.618,EXTENSION_1.618,HIGH,2025-11-19T23:28:19Z,2025-11-19T00:00:00Z,1.7463,0.0,True
FIL,2025-10-26T00:00:00Z,1d,NORMAL,UNIQUE_TOP_CANDIDATE,-9.0,2025-10-17T00:00:00Z,3,EXTENSION,2.618,EXTENSION_2.618,HIGH,2025-12-10T23:28:19Z,2025-12-10T00:00:00Z,1.3297,0.0,True
FIL,2025-10-26T00:00:00Z,1d,MAX,UNIQUE_TOP_CANDIDATE,-9.0,2025-10-17T00:00:00Z,1,EXTENSION,1.272,EXTENSION_1.272,HIGH,2025-11-12T17:05:16Z,2025-11-12T00:00:00Z,2.0388,0.0,True
FIL,2025-10-26T00:00:00Z,1d,MAX,UNIQUE_TOP_CANDIDATE,-9.0,2025-10-17T00:00:00Z,2,EXTENSION,1.618,EXTENSION_1.618,HIGH,2025-11-19T23:28:19Z,2025-11-19T00:00:00Z,1.7463,0.0,True
FIL,2025-10-26T00:00:00Z,1d,MAX,UNIQUE_TOP_CANDIDATE,-9.0,2025-10-17T00:00:00Z,3,EXTENSION,2.618,EXTENSION_2.618,HIGH,2025-12-10T23:28:19Z,2025-12-10T00:00:00Z,1.3297,0.0,True
FIL,2025-12-07T00:00:00Z,1d,STRICT,UNIQUE_TOP_CANDIDATE,10.0,2025-12-17T00:00:00Z,1,EXTENSION,1.272,EXTENSION_1.272,HIGH,2026-01-12T17:05:16Z,2026-01-12T00:00:00Z,1.2912,0.0,True
FIL,2025-12-07T00:00:00Z,1d,STRICT,UNIQUE_TOP_CANDIDATE,10.0,2025-12-17T00:00:00Z,2,EXTENSION,1.618,EXTENSION_1.618,HIGH,2026-01-19T23:28:19Z,2026-01-19T00:00:00Z,1.2462,0.0,True
FIL,2025-12-07T00:00:00Z,1d,STRICT,UNIQUE_TOP_CANDIDATE,10.0,2025-12-17T00:00:00Z,3,EXTENSION,2.618,EXTENSION_2.618,HIGH,2026-02-09T23:28:19Z,2026-02-09T00:00:00Z,0.795,0.0,True
FIL,2025-12-07T00:00:00Z,1d,NORMAL,UNIQUE_TOP_CANDIDATE,10.0,2025-12-17T00:00:00Z,1,EXTENSION,1.272,EXTENSION_1.272,HIGH,2026-01-12T17:05:16Z,2026-01-12T00:00:00Z,1.2912,0.0,True
FIL,2025-12-07T00:00:00Z,1d,NORMAL,UNIQUE_TOP_CANDIDATE,10.0,2025-12-17T00:00:00Z,2,EXTENSION,1.618,EXTENSION_1.618,HIGH,2026-01-19T23:28:19Z,2026-01-19T00:00:00Z,1.2462,0.0,True
FIL,2025-12-07T00:00:00Z,1d,NORMAL,UNIQUE_TOP_CANDIDATE,10.0,2025-12-17T00:00:00Z,3,EXTENSION,2.618,EXTENSION_2.618,HIGH,2026-02-09T23:28:19Z,2026-02-09T00:00:00Z,0.795,0.0,True
FIL,2025-12-07T00:00:00Z,1d,MAX,UNIQUE_TOP_CANDIDATE,10.0,2025-12-17T00:00:00Z,1,EXTENSION,1.272,EXTENSION_1.272,HIGH,2026-01-12T17:05:16Z,2026-01-12T00:00:00Z,1.2912,0.0,True
FIL,2025-12-07T00:00:00Z,1d,MAX,UNIQUE_TOP_CANDIDATE,10.0,2025-12-17T00:00:00Z,2,EXTENSION,1.618,EXTENSION_1.618,HIGH,2026-01-19T23:28:19Z,2026-01-19T00:00:00Z,1.2462,0.0,True
FIL,2025-12-07T00:00:00Z,1d,MAX,UNIQUE_TOP_CANDIDATE,10.0,2025-12-17T00:00:00Z,3,EXTENSION,2.618,EXTENSION_2.618,HIGH,2026-02-09T23:28:19Z,2026-02-09T00:00:00Z,0.795,0.0,True
FIL,2026-01-18T00:00:00Z,1d,STRICT,UNIQUE_TOP_CANDIDATE,10.0,2026-01-28T00:00:00Z,1,EXTENSION,1.272,EXTENSION_1.272,HIGH,2026-02-23T17:05:16Z,2026-02-23T00:00:00Z,0.77653,0.0,True
FIL,2026-01-18T00:00:00Z,1d,STRICT,UNIQUE_TOP_CANDIDATE,10.0,2026-01-28T00:00:00Z,2,EXTENSION,1.618,EXTENSION_1.618,HIGH,2026-03-02T23:28:19Z,2026-03-02T00:00:00Z,0.87888,0.0,True
FIL,2026-01-18T00:00:00Z,1d,STRICT,UNIQUE_TOP_CANDIDATE,10.0,2026-01-28T00:00:00Z,3,EXTENSION,2.618,EXTENSION_2.618,HIGH,2026-03-23T23:28:19Z,2026-03-23T00:00:00Z,0.81161,0.0,True
FIL,2026-01-18T00:00:00Z,1d,NORMAL,UNIQUE_TOP_CANDIDATE,10.0,2026-01-28T00:00:00Z,1,EXTENSION,1.272,EXTENSION_1.272,HIGH,2026-02-23T17:05:16Z,2026-02-23T00:00:00Z,0.77653,0.0,True
FIL,2026-01-18T00:00:00Z,1d,NORMAL,UNIQUE_TOP_CANDIDATE,10.0,2026-01-28T00:00:00Z,2,EXTENSION,1.618,EXTENSION_1.618,HIGH,2026-03-02T23:28:19Z,2026-03-02T00:00:00Z,0.87888,0.0,True
FIL,2026-01-18T00:00:00Z,1d,NORMAL,UNIQUE_TOP_CANDIDATE,10.0,2026-01-28T00:00:00Z,3,EXTENSION,2.618,EXTENSION_2.618,HIGH,2026-03-23T23:28:19Z,2026-03-23T00:00:00Z,0.81161,0.0,True
FIL,2026-01-18T00:00:00Z,1d,MAX,UNIQUE_TOP_CANDIDATE,10.0,2026-01-28T00:00:00Z,1,EXTENSION,1.272,EXTENSION_1.272,HIGH,2026-02-23T17:05:16Z,2026-02-23T00:00:00Z,0.77653,0.0,True
FIL,2026-01-18T00:00:00Z,1d,MAX,UNIQUE_TOP_CANDIDATE,10.0,2026-01-28T00:00:00Z,2,EXTENSION,1.618,EXTENSION_1.618,HIGH,2026-03-02T23:28:19Z,2026-03-02T00:00:00Z,0.87888,0.0,True
FIL,2026-01-18T00:00:00Z,1d,MAX,UNIQUE_TOP_CANDIDATE,10.0,2026-01-28T00:00:00Z,3,EXTENSION,2.618,EXTENSION_2.618,HIGH,2026-03-23T23:28:19Z,2026-03-23T00:00:00Z,0.81161,0.0,True
FIL,2026-02-08T00:00:00Z,1d,STRICT,UNIQUE_TOP_CANDIDATE,-3.0,2026-02-05T00:00:00Z,1,EXTENSION,1.272,EXTENSION_1.272,HIGH,2026-03-03T17:05:16Z,2026-03-03T00:00:00Z,0.8731,0.0,True
FIL,2026-02-08T00:00:00Z,1d,STRICT,UNIQUE_TOP_CANDIDATE,-3.0,2026-02-05T00:00:00Z,2,EXTENSION,1.618,EXTENSION_1.618,HIGH,2026-03-10T23:28:19Z,2026-03-10T00:00:00Z,0.8225,0.0,True
FIL,2026-02-08T00:00:00Z,1d,STRICT,UNIQUE_TOP_CANDIDATE,-3.0,2026-02-05T00:00:00Z,3,EXTENSION,2.618,EXTENSION_2.618,HIGH,2026-03-31T23:28:19Z,2026-03-31T00:00:00Z,0.73372,0.0,True
FIL,2026-02-08T00:00:00Z,1d,NORMAL,UNIQUE_TOP_CANDIDATE,-3.0,2026-02-05T00:00:00Z,1,EXTENSION,1.272,EXTENSION_1.272,HIGH,2026-03-03T17:05:16Z,2026-03-03T00:00:00Z,0.8731,0.0,True
FIL,2026-02-08T00:00:00Z,1d,NORMAL,UNIQUE_TOP_CANDIDATE,-3.0,2026-02-05T00:00:00Z,2,EXTENSION,1.618,EXTENSION_1.618,HIGH,2026-03-10T23:28:19Z,2026-03-10T00:00:00Z,0.8225,0.0,True
FIL,2026-02-08T00:00:00Z,1d,NORMAL,UNIQUE_TOP_CANDIDATE,-3.0,2026-02-05T00:00:00Z,3,EXTENSION,2.618,EXTENSION_2.618,HIGH,2026-03-31T23:28:19Z,2026-03-31T00:00:00Z,0.73372,0.0,True
FIL,2026-02-08T00:00:00Z,1d,MAX,UNIQUE_TOP_CANDIDATE,-3.0,2026-02-05T00:00:00Z,1,EXTENSION,1.272,EXTENSION_1.272,HIGH,2026-03-03T17:05:16Z,2026-03-03T00:00:00Z,0.8731,0.0,True
FIL,2026-02-08T00:00:00Z,1d,MAX,UNIQUE_TOP_CANDIDATE,-3.0,2026-02-05T00:00:00Z,2,EXTENSION,1.618,EXTENSION_1.618,HIGH,2026-03-10T23:28:19Z,2026-03-10T00:00:00Z,0.8225,0.0,True
FIL,2026-02-08T00:00:00Z,1d,MAX,UNIQUE_TOP_CANDIDATE,-3.0,2026-02-05T00:00:00Z,3,EXTENSION,2.618,EXTENSION_2.618,HIGH,2026-03-31T23:28:19Z,2026-03-31T00:00:00Z,0.73372,0.0,True
FIL,2026-03-01T00:00:00Z,1d,MAX,UNIQUE_TOP_CANDIDATE,2.0,2026-03-03T00:00:00Z,1,EXTENSION,1.272,EXTENSION_1.272,HIGH,2026-03-29T17:05:16Z,2026-03-29T00:00:00Z,0.71116,0.0,True
FIL,2026-03-01T00:00:00Z,1d,MAX,UNIQUE_TOP_CANDIDATE,2.0,2026-03-03T00:00:00Z,2,EXTENSION,1.618,EXTENSION_1.618,HIGH,2026-04-05T23:28:19Z,2026-04-05T00:00:00Z,0.742,0.0,True
FIL,2026-03-01T00:00:00Z,1d,MAX,UNIQUE_TOP_CANDIDATE,2.0,2026-03-03T00:00:00Z,3,EXTENSION,2.618,EXTENSION_2.618,HIGH,2026-04-26T23:28:19Z,2026-04-26T00:00:00Z,0.81638,0.0,True
HBAR,2024-10-13T00:00:00Z,1d,STRICT,UNIQUE_TOP_CANDIDATE,-10.5,2024-10-02T12:00:00Z,1,EXTENSION,1.272,EXTENSION_1.272,HIGH,2024-10-29T05:05:16Z,2024-10-29T00:00:00Z,0.04672,0.0,True
HBAR,2024-10-13T00:00:00Z,1d,STRICT,UNIQUE_TOP_CANDIDATE,-10.5,2024-10-02T12:00:00Z,2,EXTENSION,1.618,EXTENSION_1.618,HIGH,2024-11-05T11:28:19Z,2024-11-05T00:00:00Z,0.042311,0.0,True
HBAR,2024-10-13T00:00:00Z,1d,STRICT,UNIQUE_TOP_CANDIDATE,-10.5,2024-10-02T12:00:00Z,3,EXTENSION,2.618,EXTENSION_2.618,HIGH,2024-11-26T11:28:19Z,2024-11-26T00:00:00Z,0.13403,0.0,True
HBAR,2024-10-13T00:00:00Z,1d,NORMAL,UNIQUE_TOP_CANDIDATE,-10.5,2024-10-02T12:00:00Z,1,EXTENSION,1.272,EXTENSION_1.272,HIGH,2024-10-29T05:05:16Z,2024-10-29T00:00:00Z,0.04672,0.0,True
HBAR,2024-10-13T00:00:00Z,1d,NORMAL,UNIQUE_TOP_CANDIDATE,-10.5,2024-10-02T12:00:00Z,2,EXTENSION,1.618,EXTENSION_1.618,HIGH,2024-11-05T11:28:19Z,2024-11-05T00:00:00Z,0.042311,0.0,True
HBAR,2024-10-13T00:00:00Z,1d,NORMAL,UNIQUE_TOP_CANDIDATE,-10.5,2024-10-02T12:00:00Z,3,EXTENSION,2.618,EXTENSION_2.618,HIGH,2024-11-26T11:28:19Z,2024-11-26T00:00:00Z,0.13403,0.0,True
HBAR,2024-10-13T00:00:00Z,1d,MAX,UNIQUE_TOP_CANDIDATE,-10.5,2024-10-02T12:00:00Z,1,EXTENSION,1.272,EXTENSION_1.272,HIGH,2024-10-29T05:05:16Z,2024-10-29T00:00:00Z,0.04672,0.0,True
HBAR,2024-10-13T00:00:00Z,1d,MAX,UNIQUE_TOP_CANDIDATE,-10.5,2024-10-02T12:00:00Z,2,EXTENSION,1.618,EXTENSION_1.618,HIGH,2024-11-05T11:28:19Z,2024-11-05T00:00:00Z,0.042311,0.0,True
HBAR,2024-10-13T00:00:00Z,1d,MAX,UNIQUE_TOP_CANDIDATE,-10.5,2024-10-02T12:00:00Z,3,EXTENSION,2.618,EXTENSION_2.618,HIGH,2024-11-26T11:28:19Z,2024-11-26T00:00:00Z,0.13403,0.0,True
HBAR,2024-11-03T00:00:00Z,1d,STRICT,UNIQUE_TOP_CANDIDATE,5.0,2024-11-08T00:00:00Z,1,EXTENSION,1.272,EXTENSION_1.272,HIGH,2024-12-04T17:05:16Z,2024-12-04T00:00:00Z,0.32177,0.0,True
HBAR,2024-11-03T00:00:00Z,1d,STRICT,UNIQUE_TOP_CANDIDATE,5.0,2024-11-08T00:00:00Z,2,EXTENSION,1.618,EXTENSION_1.618,HIGH,2024-12-11T23:28:19Z,2024-12-11T00:00:00Z,0.2964,0.0,True
HBAR,2024-11-03T00:00:00Z,1d,STRICT,UNIQUE_TOP_CANDIDATE,5.0,2024-11-08T00:00:00Z,3,EXTENSION,2.618,EXTENSION_2.618,HIGH,2025-01-01T23:28:19Z,2025-01-01T00:00:00Z,0.28984,0.0,True
HBAR,2024-11-03T00:00:00Z,1d,NORMAL,UNIQUE_TOP_CANDIDATE,5.0,2024-11-08T00:00:00Z,1,EXTENSION,1.272,EXTENSION_1.272,HIGH,2024-12-04T17:05:16Z,2024-12-04T00:00:00Z,0.32177,0.0,True
HBAR,2024-11-03T00:00:00Z,1d,NORMAL,UNIQUE_TOP_CANDIDATE,5.0,2024-11-08T00:00:00Z,2,EXTENSION,1.618,EXTENSION_1.618,HIGH,2024-12-11T23:28:19Z,2024-12-11T00:00:00Z,0.2964,0.0,True
HBAR,2024-11-03T00:00:00Z,1d,NORMAL,UNIQUE_TOP_CANDIDATE,5.0,2024-11-08T00:00:00Z,3,EXTENSION,2.618,EXTENSION_2.618,HIGH,2025-01-01T23:28:19Z,2025-01-01T00:00:00Z,0.28984,0.0,True
HBAR,2024-11-03T00:00:00Z,1d,MAX,UNIQUE_TOP_CANDIDATE,5.0,2024-11-08T00:00:00Z,1,EXTENSION,1.272,EXTENSION_1.272,HIGH,2024-12-04T17:05:16Z,2024-12-04T00:00:00Z,0.32177,0.0,True
HBAR,2024-11-03T00:00:00Z,1d,MAX,UNIQUE_TOP_CANDIDATE,5.0,2024-11-08T00:00:00Z,2,EXTENSION,1.618,EXTENSION_1.618,HIGH,2024-12-11T23:28:19Z,2024-12-11T00:00:00Z,0.2964,0.0,True
HBAR,2024-11-03T00:00:00Z,1d,MAX,UNIQUE_TOP_CANDIDATE,5.0,2024-11-08T00:00:00Z,3,EXTENSION,2.618,EXTENSION_2.618,HIGH,2025-01-01T23:28:19Z,2025-01-01T00:00:00Z,0.28984,0.0,True
HBAR,2024-12-15T00:00:00Z,1d,STRICT,UNIQUE_TOP_CANDIDATE,1.0,2024-12-16T00:00:00Z,1,EXTENSION,1.272,EXTENSION_1.272,HIGH,2025-01-11T17:05:16Z,2025-01-11T00:00:00Z,0.28925,0.0,True
HBAR,2024-12-15T00:00:00Z,1d,STRICT,UNIQUE_TOP_CANDIDATE,1.0,2024-12-16T00:00:00Z,2,EXTENSION,1.618,EXTENSION_1.618,HIGH,2025-01-18T23:28:19Z,2025-01-18T00:00:00Z,0.37341,0.0,True
HBAR,2024-12-15T00:00:00Z,1d,STRICT,UNIQUE_TOP_CANDIDATE,1.0,2024-12-16T00:00:00Z,3,EXTENSION,2.618,EXTENSION_2.618,HIGH,2025-02-08T23:28:19Z,2025-02-08T00:00:00Z,0.229,0.0,True
HBAR,2024-12-15T00:00:00Z,1d,NORMAL,UNIQUE_TOP_CANDIDATE,1.0,2024-12-16T00:00:00Z,1,EXTENSION,1.272,EXTENSION_1.272,HIGH,2025-01-11T17:05:16Z,2025-01-11T00:00:00Z,0.28925,0.0,True
HBAR,2024-12-15T00:00:00Z,1d,NORMAL,UNIQUE_TOP_CANDIDATE,1.0,2024-12-16T00:00:00Z,2,EXTENSION,1.618,EXTENSION_1.618,HIGH,2025-01-18T23:28:19Z,2025-01-18T00:00:00Z,0.37341,0.0,True
HBAR,2024-12-15T00:00:00Z,1d,NORMAL,UNIQUE_TOP_CANDIDATE,1.0,2024-12-16T00:00:00Z,3,EXTENSION,2.618,EXTENSION_2.618,HIGH,2025-02-08T23:28:19Z,2025-02-08T00:00:00Z,0.229,0.0,True
HBAR,2024-12-15T00:00:00Z,1d,MAX,UNIQUE_TOP_CANDIDATE,1.0,2024-12-16T00:00:00Z,1,EXTENSION,1.272,EXTENSION_1.272,HIGH,2025-01-11T17:05:16Z,2025-01-11T00:00:00Z,0.28925,0.0,True
HBAR,2024-12-15T00:00:00Z,1d,MAX,UNIQUE_TOP_CANDIDATE,1.0,2024-12-16T00:00:00Z,2,EXTENSION,1.618,EXTENSION_1.618,HIGH,2025-01-18T23:28:19Z,2025-01-18T00:00:00Z,0.37341,0.0,True
HBAR,2024-12-15T00:00:00Z,1d,MAX,UNIQUE_TOP_CANDIDATE,1.0,2024-12-16T00:00:00Z,3,EXTENSION,2.618,EXTENSION_2.618,HIGH,2025-02-08T23:28:19Z,2025-02-08T00:00:00Z,0.229,0.0,True
HBAR,2025-01-05T00:00:00Z,1d,STRICT,UNIQUE_TOP_CANDIDATE,-10.0,2024-12-26T00:00:00Z,1,EXTENSION,1.272,EXTENSION_1.272,HIGH,2025-01-21T17:05:16Z,2025-01-21T00:00:00Z,0.33465,0.0,True
HBAR,2025-01-05T00:00:00Z,1d,STRICT,UNIQUE_TOP_CANDIDATE,-10.0,2024-12-26T00:00:00Z,2,EXTENSION,1.618,EXTENSION_1.618,HIGH,2025-01-28T23:28:19Z,2025-01-28T00:00:00Z,0.31,0.0,True
HBAR,2025-01-05T00:00:00Z,1d,STRICT,UNIQUE_TOP_CANDIDATE,-10.0,2024-12-26T00:00:00Z,3,EXTENSION,2.618,EXTENSION_2.618,HIGH,2025-02-18T23:28:19Z,2025-02-18T00:00:00Z,0.20481,0.0,True
HBAR,2025-01-05T00:00:00Z,1d,NORMAL,UNIQUE_TOP_CANDIDATE,-10.0,2024-12-26T00:00:00Z,1,EXTENSION,1.272,EXTENSION_1.272,HIGH,2025-01-21T17:05:16Z,2025-01-21T00:00:00Z,0.33465,0.0,True
HBAR,2025-01-05T00:00:00Z,1d,NORMAL,UNIQUE_TOP_CANDIDATE,-10.0,2024-12-26T00:00:00Z,2,EXTENSION,1.618,EXTENSION_1.618,HIGH,2025-01-28T23:28:19Z,2025-01-28T00:00:00Z,0.31,0.0,True
HBAR,2025-01-05T00:00:00Z,1d,NORMAL,UNIQUE_TOP_CANDIDATE,-10.0,2024-12-26T00:00:00Z,3,EXTENSION,2.618,EXTENSION_2.618,HIGH,2025-02-18T23:28:19Z,2025-02-18T00:00:00Z,0.20481,0.0,True
HBAR,2025-01-05T00:00:00Z,1d,MAX,UNIQUE_TOP_CANDIDATE,-10.0,2024-12-26T00:00:00Z,1,EXTENSION,1.272,EXTENSION_1.272,HIGH,2025-01-21T17:05:16Z,2025-01-21T00:00:00Z,0.33465,0.0,True
HBAR,2025-01-05T00:00:00Z,1d,MAX,UNIQUE_TOP_CANDIDATE,-10.0,2024-12-26T00:00:00Z,2,EXTENSION,1.618,EXTENSION_1.618,HIGH,2025-01-28T23:28:19Z,2025-01-28T00:00:00Z,0.31,0.0,True
HBAR,2025-01-05T00:00:00Z,1d,MAX,UNIQUE_TOP_CANDIDATE,-10.0,2024-12-26T00:00:00Z,3,EXTENSION,2.618,EXTENSION_2.618,HIGH,2025-02-18T23:28:19Z,2025-02-18T00:00:00Z,0.20481,0.0,True
HBAR,2025-01-26T00:00:00Z,1d,MAX,UNIQUE_TOP_CANDIDATE,1.0,2025-01-27T00:00:00Z,1,EXTENSION,1.272,EXTENSION_1.272,HIGH,2025-02-22T17:05:16Z,2025-02-22T00:00:00Z,0.21295,0.0,True
HBAR,2025-01-26T00:00:00Z,1d,MAX,UNIQUE_TOP_CANDIDATE,1.0,2025-01-27T00:00:00Z,2,EXTENSION,1.618,EXTENSION_1.618,HIGH,2025-03-01T23:28:19Z,2025-03-01T00:00:00Z,0.256,0.0,True
HBAR,2025-01-26T00:00:00Z,1d,MAX,UNIQUE_TOP_CANDIDATE,1.0,2025-01-27T00:00:00Z,3,EXTENSION,2.618,EXTENSION_2.618,HIGH,2025-03-22T23:28:19Z,2025-03-22T00:00:00Z,0.17229,0.0,True
HBAR,2025-02-16T00:00:00Z,1d,STRICT,UNIQUE_TOP_CANDIDATE,-5.0,2025-02-11T00:00:00Z,1,EXTENSION,1.272,EXTENSION_1.272,HIGH,2025-03-09T17:05:16Z,2025-03-09T00:00:00Z,0.21326,0.0,True
HBAR,2025-02-16T00:00:00Z,1d,STRICT,UNIQUE_TOP_CANDIDATE,-5.0,2025-02-11T00:00:00Z,2,EXTENSION,1.618,EXTENSION_1.618,HIGH,2025-03-16T23:28:19Z,2025-03-16T00:00:00Z,0.17927,0.0,True
HBAR,2025-02-16T00:00:00Z,1d,STRICT,UNIQUE_TOP_CANDIDATE,-5.0,2025-02-11T00:00:00Z,3,EXTENSION,2.618,EXTENSION_2.618,HIGH,2025-04-06T23:28:19Z,2025-04-06T00:00:00Z,0.14833,0.0,True
HBAR,2025-02-16T00:00:00Z,1d,NORMAL,UNIQUE_TOP_CANDIDATE,-5.0,2025-02-11T00:00:00Z,1,EXTENSION,1.272,EXTENSION_1.272,HIGH,2025-03-09T17:05:16Z,2025-03-09T00:00:00Z,0.21326,0.0,True
HBAR,2025-02-16T00:00:00Z,1d,NORMAL,UNIQUE_TOP_CANDIDATE,-5.0,2025-02-11T00:00:00Z,2,EXTENSION,1.618,EXTENSION_1.618,HIGH,2025-03-16T23:28:19Z,2025-03-16T00:00:00Z,0.17927,0.0,True
HBAR,2025-02-16T00:00:00Z,1d,NORMAL,UNIQUE_TOP_CANDIDATE,-5.0,2025-02-11T00:00:00Z,3,EXTENSION,2.618,EXTENSION_2.618,HIGH,2025-04-06T23:28:19Z,2025-04-06T00:00:00Z,0.14833,0.0,True
HBAR,2025-02-16T00:00:00Z,1d,MAX,UNIQUE_TOP_CANDIDATE,-5.0,2025-02-11T00:00:00Z,1,EXTENSION,1.272,EXTENSION_1.272,HIGH,2025-03-09T17:05:16Z,2025-03-09T00:00:00Z,0.21326,0.0,True
HBAR,2025-02-16T00:00:00Z,1d,MAX,UNIQUE_TOP_CANDIDATE,-5.0,2025-02-11T00:00:00Z,2,EXTENSION,1.618,EXTENSION_1.618,HIGH,2025-03-16T23:28:19Z,2025-03-16T00:00:00Z,0.17927,0.0,True
HBAR,2025-02-16T00:00:00Z,1d,MAX,UNIQUE_TOP_CANDIDATE,-5.0,2025-02-11T00:00:00Z,3,EXTENSION,2.618,EXTENSION_2.618,HIGH,2025-04-06T23:28:19Z,2025-04-06T00:00:00Z,0.14833,0.0,True
HBAR,2025-03-09T00:00:00Z,1d,STRICT,UNIQUE_TOP_CANDIDATE,-5.0,2025-03-04T00:00:00Z,1,EXTENSION,1.272,EXTENSION_1.272,HIGH,2025-03-30T17:05:16Z,2025-03-30T00:00:00Z,0.16123,0.0,True
HBAR,2025-03-09T00:00:00Z,1d,STRICT,UNIQUE_TOP_CANDIDATE,-5.0,2025-03-04T00:00:00Z,2,EXTENSION,1.618,EXTENSION_1.618,HIGH,2025-04-06T23:28:19Z,2025-04-06T00:00:00Z,0.14833,0.0,True
HBAR,2025-03-09T00:00:00Z,1d,STRICT,UNIQUE_TOP_CANDIDATE,-5.0,2025-03-04T00:00:00Z,3,EXTENSION,2.618,EXTENSION_2.618,HIGH,2025-04-27T23:28:19Z,2025-04-27T00:00:00Z,0.17071,0.0,True
HBAR,2025-03-09T00:00:00Z,1d,NORMAL,UNIQUE_TOP_CANDIDATE,-5.0,2025-03-04T00:00:00Z,1,EXTENSION,1.272,EXTENSION_1.272,HIGH,2025-03-30T17:05:16Z,2025-03-30T00:00:00Z,0.16123,0.0,True
HBAR,2025-03-09T00:00:00Z,1d,NORMAL,UNIQUE_TOP_CANDIDATE,-5.0,2025-03-04T00:00:00Z,2,EXTENSION,1.618,EXTENSION_1.618,HIGH,2025-04-06T23:28:19Z,2025-04-06T00:00:00Z,0.14833,0.0,True
HBAR,2025-03-09T00:00:00Z,1d,NORMAL,UNIQUE_TOP_CANDIDATE,-5.0,2025-03-04T00:00:00Z,3,EXTENSION,2.618,EXTENSION_2.618,HIGH,2025-04-27T23:28:19Z,2025-04-27T00:00:00Z,0.17071,0.0,True
HBAR,2025-03-09T00:00:00Z,1d,MAX,UNIQUE_TOP_CANDIDATE,-5.0,2025-03-04T00:00:00Z,1,EXTENSION,1.272,EXTENSION_1.272,HIGH,2025-03-30T17:05:16Z,2025-03-30T00:00:00Z,0.16123,0.0,True
HBAR,2025-03-09T00:00:00Z,1d,MAX,UNIQUE_TOP_CANDIDATE,-5.0,2025-03-04T00:00:00Z,2,EXTENSION,1.618,EXTENSION_1.618,HIGH,2025-04-06T23:28:19Z,2025-04-06T00:00:00Z,0.14833,0.0,True
HBAR,2025-03-09T00:00:00Z,1d,MAX,UNIQUE_TOP_CANDIDATE,-5.0,2025-03-04T00:00:00Z,3,EXTENSION,2.618,EXTENSION_2.618,HIGH,2025-04-27T23:28:19Z,2025-04-27T00:00:00Z,0.17071,0.0,True
HBAR,2025-04-20T00:00:00Z,1d,STRICT,UNIQUE_TOP_CANDIDATE,2.0,2025-04-22T00:00:00Z,1,EXTENSION,1.272,EXTENSION_1.272,HIGH,2025-05-18T17:05:16Z,2025-05-18T00:00:00Z,0.17965,0.0,True
HBAR,2025-04-20T00:00:00Z,1d,STRICT,UNIQUE_TOP_CANDIDATE,2.0,2025-04-22T00:00:00Z,2,EXTENSION,1.618,EXTENSION_1.618,HIGH,2025-05-25T23:28:19Z,2025-05-25T00:00:00Z,0.16775,0.0,True
HBAR,2025-04-20T00:00:00Z,1d,STRICT,UNIQUE_TOP_CANDIDATE,2.0,2025-04-22T00:00:00Z,3,EXTENSION,2.618,EXTENSION_2.618,HIGH,2025-06-15T23:28:19Z,2025-06-15T00:00:00Z,0.13491,0.0,True
HBAR,2025-04-20T00:00:00Z,1d,NORMAL,UNIQUE_TOP_CANDIDATE,2.0,2025-04-22T00:00:00Z,1,EXTENSION,1.272,EXTENSION_1.272,HIGH,2025-05-18T17:05:16Z,2025-05-18T00:00:00Z,0.17965,0.0,True
HBAR,2025-04-20T00:00:00Z,1d,NORMAL,UNIQUE_TOP_CANDIDATE,2.0,2025-04-22T00:00:00Z,2,EXTENSION,1.618,EXTENSION_1.618,HIGH,2025-05-25T23:28:19Z,2025-05-25T00:00:00Z,0.16775,0.0,True
HBAR,2025-04-20T00:00:00Z,1d,NORMAL,UNIQUE_TOP_CANDIDATE,2.0,2025-04-22T00:00:00Z,3,EXTENSION,2.618,EXTENSION_2.618,HIGH,2025-06-15T23:28:19Z,2025-06-15T00:00:00Z,0.13491,0.0,True
HBAR,2025-04-20T00:00:00Z,1d,MAX,UNIQUE_TOP_CANDIDATE,2.0,2025-04-22T00:00:00Z,1,EXTENSION,1.272,EXTENSION_1.272,HIGH,2025-05-18T17:05:16Z,2025-05-18T00:00:00Z,0.17965,0.0,True
HBAR,2025-04-20T00:00:00Z,1d,MAX,UNIQUE_TOP_CANDIDATE,2.0,2025-04-22T00:00:00Z,2,EXTENSION,1.618,EXTENSION_1.618,HIGH,2025-05-25T23:28:19Z,2025-05-25T00:00:00Z,0.16775,0.0,True
HBAR,2025-04-20T00:00:00Z,1d,MAX,UNIQUE_TOP_CANDIDATE,2.0,2025-04-22T00:00:00Z,3,EXTENSION,2.618,EXTENSION_2.618,HIGH,2025-06-15T23:28:19Z,2025-06-15T00:00:00Z,0.13491,0.0,True
HBAR,2025-05-11T00:00:00Z,1d,MAX,UNIQUE_TOP_CANDIDATE,10.0,2025-05-21T00:00:00Z,1,EXTENSION,1.272,EXTENSION_1.272,HIGH,2025-06-16T17:05:16Z,2025-06-16T00:00:00Z,0.14109,0.0,True
HBAR,2025-05-11T00:00:00Z,1d,MAX,UNIQUE_TOP_CANDIDATE,10.0,2025-05-21T00:00:00Z,2,EXTENSION,1.618,EXTENSION_1.618,HIGH,2025-06-23T23:28:19Z,2025-06-23T00:00:00Z,0.13143,0.0,True
HBAR,2025-05-11T00:00:00Z,1d,MAX,UNIQUE_TOP_CANDIDATE,10.0,2025-05-21T00:00:00Z,3,EXTENSION,2.618,EXTENSION_2.618,HIGH,2025-07-14T23:28:19Z,2025-07-14T00:00:00Z,0.21949,0.0,True
HBAR,2025-06-01T00:00:00Z,1d,STRICT,UNIQUE_TOP_CANDIDATE,-10.0,2025-05-22T00:00:00Z,1,EXTENSION,1.272,EXTENSION_1.272,HIGH,2025-06-17T17:05:16Z,2025-06-17T00:00:00Z,0.13588,0.0,True
HBAR,2025-06-01T00:00:00Z,1d,STRICT,UNIQUE_TOP_CANDIDATE,-10.0,2025-05-22T00:00:00Z,2,EXTENSION,1.618,EXTENSION_1.618,HIGH,2025-06-24T23:28:19Z,2025-06-24T00:00:00Z,0.13381,0.0,True
HBAR,2025-06-01T00:00:00Z,1d,STRICT,UNIQUE_TOP_CANDIDATE,-10.0,2025-05-22T00:00:00Z,3,EXTENSION,2.618,EXTENSION_2.618,HIGH,2025-07-15T23:28:19Z,2025-07-15T00:00:00Z,0.20633,0.0,True
HBAR,2025-06-01T00:00:00Z,1d,NORMAL,UNIQUE_TOP_CANDIDATE,-10.0,2025-05-22T00:00:00Z,1,EXTENSION,1.272,EXTENSION_1.272,HIGH,2025-06-17T17:05:16Z,2025-06-17T00:00:00Z,0.13588,0.0,True
HBAR,2025-06-01T00:00:00Z,1d,NORMAL,UNIQUE_TOP_CANDIDATE,-10.0,2025-05-22T00:00:00Z,2,EXTENSION,1.618,EXTENSION_1.618,HIGH,2025-06-24T23:28:19Z,2025-06-24T00:00:00Z,0.13381,0.0,True
HBAR,2025-06-01T00:00:00Z,1d,NORMAL,UNIQUE_TOP_CANDIDATE,-10.0,2025-05-22T00:00:00Z,3,EXTENSION,2.618,EXTENSION_2.618,HIGH,2025-07-15T23:28:19Z,2025-07-15T00:00:00Z,0.20633,0.0,True
HBAR,2025-06-01T00:00:00Z,1d,MAX,UNIQUE_TOP_CANDIDATE,-9.0,2025-05-23T00:00:00Z,1,EXTENSION,1.272,EXTENSION_1.272,HIGH,2025-06-18T17:05:16Z,2025-06-18T00:00:00Z,0.13257,0.0,True
HBAR,2025-06-01T00:00:00Z,1d,MAX,UNIQUE_TOP_CANDIDATE,-9.0,2025-05-23T00:00:00Z,2,EXTENSION,1.618,EXTENSION_1.618,HIGH,2025-06-25T23:28:19Z,2025-06-25T00:00:00Z,0.13433,0.0,True
HBAR,2025-06-01T00:00:00Z,1d,MAX,UNIQUE_TOP_CANDIDATE,-9.0,2025-05-23T00:00:00Z,3,EXTENSION,2.618,EXTENSION_2.618,HIGH,2025-07-16T23:28:19Z,2025-07-16T00:00:00Z,0.21172,0.0,True
HBAR,2025-07-13T00:00:00Z,1d,STRICT,UNIQUE_TOP_CANDIDATE,-4.0,2025-07-09T00:00:00Z,1,EXTENSION,1.272,EXTENSION_1.272,HIGH,2025-08-04T17:05:16Z,2025-08-04T00:00:00Z,0.2216,0.0,True
HBAR,2025-07-13T00:00:00Z,1d,STRICT,UNIQUE_TOP_CANDIDATE,-4.0,2025-07-09T00:00:00Z,2,EXTENSION,1.618,EXTENSION_1.618,HIGH,2025-08-11T23:28:19Z,2025-08-11T00:00:00Z,0.23039,0.0,True
HBAR,2025-07-13T00:00:00Z,1d,STRICT,UNIQUE_TOP_CANDIDATE,-4.0,2025-07-09T00:00:00Z,3,EXTENSION,2.618,EXTENSION_2.618,HIGH,2025-09-01T23:28:19Z,2025-09-01T00:00:00Z,0.19056,0.0,True
HBAR,2025-07-13T00:00:00Z,1d,NORMAL,UNIQUE_TOP_CANDIDATE,-4.0,2025-07-09T00:00:00Z,1,EXTENSION,1.272,EXTENSION_1.272,HIGH,2025-08-04T17:05:16Z,2025-08-04T00:00:00Z,0.2216,0.0,True
HBAR,2025-07-13T00:00:00Z,1d,NORMAL,UNIQUE_TOP_CANDIDATE,-4.0,2025-07-09T00:00:00Z,2,EXTENSION,1.618,EXTENSION_1.618,HIGH,2025-08-11T23:28:19Z,2025-08-11T00:00:00Z,0.23039,0.0,True
HBAR,2025-07-13T00:00:00Z,1d,NORMAL,UNIQUE_TOP_CANDIDATE,-4.0,2025-07-09T00:00:00Z,3,EXTENSION,2.618,EXTENSION_2.618,HIGH,2025-09-01T23:28:19Z,2025-09-01T00:00:00Z,0.19056,0.0,True
HBAR,2025-07-13T00:00:00Z,1d,MAX,UNIQUE_TOP_CANDIDATE,-4.0,2025-07-09T00:00:00Z,1,EXTENSION,1.272,EXTENSION_1.272,HIGH,2025-08-04T17:05:16Z,2025-08-04T00:00:00Z,0.2216,0.0,True
HBAR,2025-07-13T00:00:00Z,1d,MAX,UNIQUE_TOP_CANDIDATE,-4.0,2025-07-09T00:00:00Z,2,EXTENSION,1.618,EXTENSION_1.618,HIGH,2025-08-11T23:28:19Z,2025-08-11T00:00:00Z,0.23039,0.0,True
HBAR,2025-07-13T00:00:00Z,1d,MAX,UNIQUE_TOP_CANDIDATE,-4.0,2025-07-09T00:00:00Z,3,EXTENSION,2.618,EXTENSION_2.618,HIGH,2025-09-01T23:28:19Z,2025-09-01T00:00:00Z,0.19056,0.0,True
HBAR,2025-08-03T00:00:00Z,1d,STRICT,UNIQUE_TOP_CANDIDATE,-9.0,2025-07-25T00:00:00Z,1,EXTENSION,1.272,EXTENSION_1.272,HIGH,2025-08-20T17:05:16Z,2025-08-20T00:00:00Z,0.20868,0.0,True
HBAR,2025-08-03T00:00:00Z,1d,STRICT,UNIQUE_TOP_CANDIDATE,-9.0,2025-07-25T00:00:00Z,2,EXTENSION,1.618,EXTENSION_1.618,HIGH,2025-08-27T23:28:19Z,2025-08-27T00:00:00Z,0.21,0.0,True
HBAR,2025-08-03T00:00:00Z,1d,STRICT,UNIQUE_TOP_CANDIDATE,-9.0,2025-07-25T00:00:00Z,3,EXTENSION,2.618,EXTENSION_2.618,HIGH,2025-09-17T23:28:19Z,2025-09-17T00:00:00Z,0.20777,0.0,True
HBAR,2025-08-03T00:00:00Z,1d,NORMAL,UNIQUE_TOP_CANDIDATE,-9.0,2025-07-25T00:00:00Z,1,EXTENSION,1.272,EXTENSION_1.272,HIGH,2025-08-20T17:05:16Z,2025-08-20T00:00:00Z,0.20868,0.0,True
HBAR,2025-08-03T00:00:00Z,1d,NORMAL,UNIQUE_TOP_CANDIDATE,-9.0,2025-07-25T00:00:00Z,2,EXTENSION,1.618,EXTENSION_1.618,HIGH,2025-08-27T23:28:19Z,2025-08-27T00:00:00Z,0.21,0.0,True
HBAR,2025-08-03T00:00:00Z,1d,NORMAL,UNIQUE_TOP_CANDIDATE,-9.0,2025-07-25T00:00:00Z,3,EXTENSION,2.618,EXTENSION_2.618,HIGH,2025-09-17T23:28:19Z,2025-09-17T00:00:00Z,0.20777,0.0,True
HBAR,2025-08-03T00:00:00Z,1d,MAX,UNIQUE_TOP_CANDIDATE,-9.0,2025-07-25T00:00:00Z,1,EXTENSION,1.272,EXTENSION_1.272,HIGH,2025-08-20T17:05:16Z,2025-08-20T00:00:00Z,0.20868,0.0,True
HBAR,2025-08-03T00:00:00Z,1d,MAX,UNIQUE_TOP_CANDIDATE,-9.0,2025-07-25T00:00:00Z,2,EXTENSION,1.618,EXTENSION_1.618,HIGH,2025-08-27T23:28:19Z,2025-08-27T00:00:00Z,0.21,0.0,True
HBAR,2025-08-03T00:00:00Z,1d,MAX,UNIQUE_TOP_CANDIDATE,-9.0,2025-07-25T00:00:00Z,3,EXTENSION,2.618,EXTENSION_2.618,HIGH,2025-09-17T23:28:19Z,2025-09-17T00:00:00Z,0.20777,0.0,True
HBAR,2025-08-24T00:00:00Z,1d,STRICT,UNIQUE_TOP_CANDIDATE,1.0,2025-08-25T00:00:00Z,1,EXTENSION,1.272,EXTENSION_1.272,HIGH,2025-09-20T17:05:16Z,2025-09-20T00:00:00Z,0.21042,0.0,True
HBAR,2025-08-24T00:00:00Z,1d,STRICT,UNIQUE_TOP_CANDIDATE,1.0,2025-08-25T00:00:00Z,2,EXTENSION,1.618,EXTENSION_1.618,HIGH,2025-09-27T23:28:19Z,2025-09-27T00:00:00Z,0.184,0.0,True
HBAR,2025-08-24T00:00:00Z,1d,STRICT,UNIQUE_TOP_CANDIDATE,1.0,2025-08-25T00:00:00Z,3,EXTENSION,2.618,EXTENSION_2.618,HIGH,2025-10-18T23:28:19Z,2025-10-18T00:00:00Z,0.14423,0.0,True
HBAR,2025-08-24T00:00:00Z,1d,NORMAL,UNIQUE_TOP_CANDIDATE,1.0,2025-08-25T00:00:00Z,1,EXTENSION,1.272,EXTENSION_1.272,HIGH,2025-09-20T17:05:16Z,2025-09-20T00:00:00Z,0.21042,0.0,True
HBAR,2025-08-24T00:00:00Z,1d,NORMAL,UNIQUE_TOP_CANDIDATE,1.0,2025-08-25T00:00:00Z,2,EXTENSION,1.618,EXTENSION_1.618,HIGH,2025-09-27T23:28:19Z,2025-09-27T00:00:00Z,0.184,0.0,True
HBAR,2025-08-24T00:00:00Z,1d,NORMAL,UNIQUE_TOP_CANDIDATE,1.0,2025-08-25T00:00:00Z,3,EXTENSION,2.618,EXTENSION_2.618,HIGH,2025-10-18T23:28:19Z,2025-10-18T00:00:00Z,0.14423,0.0,True
HBAR,2025-08-24T00:00:00Z,1d,MAX,UNIQUE_TOP_CANDIDATE,1.0,2025-08-25T00:00:00Z,1,EXTENSION,1.272,EXTENSION_1.272,HIGH,2025-09-20T17:05:16Z,2025-09-20T00:00:00Z,0.21042,0.0,True
HBAR,2025-08-24T00:00:00Z,1d,MAX,UNIQUE_TOP_CANDIDATE,1.0,2025-08-25T00:00:00Z,2,EXTENSION,1.618,EXTENSION_1.618,HIGH,2025-09-27T23:28:19Z,2025-09-27T00:00:00Z,0.184,0.0,True
HBAR,2025-08-24T00:00:00Z,1d,MAX,UNIQUE_TOP_CANDIDATE,1.0,2025-08-25T00:00:00Z,3,EXTENSION,2.618,EXTENSION_2.618,HIGH,2025-10-18T23:28:19Z,2025-10-18T00:00:00Z,0.14423,0.0,True
HBAR,2025-09-14T00:00:00Z,1d,STRICT,UNIQUE_TOP_CANDIDATE,3.0,2025-09-17T00:00:00Z,1,EXTENSION,1.272,EXTENSION_1.272,HIGH,2025-10-13T17:05:16Z,2025-10-13T00:00:00Z,0.16917,0.0,True
HBAR,2025-09-14T00:00:00Z,1d,STRICT,UNIQUE_TOP_CANDIDATE,3.0,2025-09-17T00:00:00Z,2,EXTENSION,1.618,EXTENSION_1.618,HIGH,2025-10-20T23:28:19Z,2025-10-20T00:00:00Z,0.15545,0.0,True
HBAR,2025-09-14T00:00:00Z,1d,STRICT,UNIQUE_TOP_CANDIDATE,3.0,2025-09-17T00:00:00Z,3,EXTENSION,2.618,EXTENSION_2.618,HIGH,2025-11-10T23:28:19Z,2025-11-10T00:00:00Z,0.17179,0.0,True
HBAR,2025-09-14T00:00:00Z,1d,NORMAL,UNIQUE_TOP_CANDIDATE,3.0,2025-09-17T00:00:00Z,1,EXTENSION,1.272,EXTENSION_1.272,HIGH,2025-10-13T17:05:16Z,2025-10-13T00:00:00Z,0.16917,0.0,True
HBAR,2025-09-14T00:00:00Z,1d,NORMAL,UNIQUE_TOP_CANDIDATE,3.0,2025-09-17T00:00:00Z,2,EXTENSION,1.618,EXTENSION_1.618,HIGH,2025-10-20T23:28:19Z,2025-10-20T00:00:00Z,0.15545,0.0,True
HBAR,2025-09-14T00:00:00Z,1d,NORMAL,UNIQUE_TOP_CANDIDATE,3.0,2025-09-17T00:00:00Z,3,EXTENSION,2.618,EXTENSION_2.618,HIGH,2025-11-10T23:28:19Z,2025-11-10T00:00:00Z,0.17179,0.0,True
HBAR,2025-09-14T00:00:00Z,1d,MAX,UNIQUE_TOP_CANDIDATE,3.0,2025-09-17T00:00:00Z,1,EXTENSION,1.272,EXTENSION_1.272,HIGH,2025-10-13T17:05:16Z,2025-10-13T00:00:00Z,0.16917,0.0,True
HBAR,2025-09-14T00:00:00Z,1d,MAX,UNIQUE_TOP_CANDIDATE,3.0,2025-09-17T00:00:00Z,2,EXTENSION,1.618,EXTENSION_1.618,HIGH,2025-10-20T23:28:19Z,2025-10-20T00:00:00Z,0.15545,0.0,True
HBAR,2025-09-14T00:00:00Z,1d,MAX,UNIQUE_TOP_CANDIDATE,3.0,2025-09-17T00:00:00Z,3,EXTENSION,2.618,EXTENSION_2.618,HIGH,2025-11-10T23:28:19Z,2025-11-10T00:00:00Z,0.17179,0.0,True
HBAR,2025-10-05T00:00:00Z,1d,STRICT,UNIQUE_TOP_CANDIDATE,6.0,2025-10-11T00:00:00Z,1,EXTENSION,1.272,EXTENSION_1.272,HIGH,2025-11-06T17:05:16Z,2025-11-06T00:00:00Z,0.15202,0.0,True
HBAR,2025-10-05T00:00:00Z,1d,STRICT,UNIQUE_TOP_CANDIDATE,6.0,2025-10-11T00:00:00Z,2,EXTENSION,1.618,EXTENSION_1.618,HIGH,2025-11-13T23:28:19Z,2025-11-13T00:00:00Z,0.15613,0.0,True
HBAR,2025-10-05T00:00:00Z,1d,STRICT,UNIQUE_TOP_CANDIDATE,6.0,2025-10-11T00:00:00Z,3,EXTENSION,2.618,EXTENSION_2.618,HIGH,2025-12-04T23:28:19Z,2025-12-04T00:00:00Z,0.12555,0.0,True
HBAR,2025-10-05T00:00:00Z,1d,NORMAL,UNIQUE_TOP_CANDIDATE,6.0,2025-10-11T00:00:00Z,1,EXTENSION,1.272,EXTENSION_1.272,HIGH,2025-11-06T17:05:16Z,2025-11-06T00:00:00Z,0.15202,0.0,True
HBAR,2025-10-05T00:00:00Z,1d,NORMAL,UNIQUE_TOP_CANDIDATE,6.0,2025-10-11T00:00:00Z,2,EXTENSION,1.618,EXTENSION_1.618,HIGH,2025-11-13T23:28:19Z,2025-11-13T00:00:00Z,0.15613,0.0,True
HBAR,2025-10-05T00:00:00Z,1d,NORMAL,UNIQUE_TOP_CANDIDATE,6.0,2025-10-11T00:00:00Z,3,EXTENSION,2.618,EXTENSION_2.618,HIGH,2025-12-04T23:28:19Z,2025-12-04T00:00:00Z,0.12555,0.0,True
HBAR,2025-10-05T00:00:00Z,1d,MAX,UNIQUE_TOP_CANDIDATE,6.0,2025-10-11T00:00:00Z,1,EXTENSION,1.272,EXTENSION_1.272,HIGH,2025-11-06T17:05:16Z,2025-11-06T00:00:00Z,0.15202,0.0,True
HBAR,2025-10-05T00:00:00Z,1d,MAX,UNIQUE_TOP_CANDIDATE,6.0,2025-10-11T00:00:00Z,2,EXTENSION,1.618,EXTENSION_1.618,HIGH,2025-11-13T23:28:19Z,2025-11-13T00:00:00Z,0.15613,0.0,True
HBAR,2025-10-05T00:00:00Z,1d,MAX,UNIQUE_TOP_CANDIDATE,6.0,2025-10-11T00:00:00Z,3,EXTENSION,2.618,EXTENSION_2.618,HIGH,2025-12-04T23:28:19Z,2025-12-04T00:00:00Z,0.12555,0.0,True
HBAR,2025-10-26T00:00:00Z,1d,STRICT,UNIQUE_TOP_CANDIDATE,-10.5,2025-10-15T12:00:00Z,1,EXTENSION,1.272,EXTENSION_1.272,HIGH,2025-11-11T05:05:16Z,2025-11-11T00:00:00Z,0.17016,0.0,True
HBAR,2025-10-26T00:00:00Z,1d,STRICT,UNIQUE_TOP_CANDIDATE,-10.5,2025-10-15T12:00:00Z,2,EXTENSION,1.618,EXTENSION_1.618,HIGH,2025-11-18T11:28:19Z,2025-11-18T00:00:00Z,0.13156,0.0,True
HBAR,2025-10-26T00:00:00Z,1d,STRICT,UNIQUE_TOP_CANDIDATE,-10.5,2025-10-15T12:00:00Z,3,EXTENSION,2.618,EXTENSION_2.618,HIGH,2025-12-09T11:28:19Z,2025-12-09T00:00:00Z,0.123,0.0,True
HBAR,2025-10-26T00:00:00Z,1d,NORMAL,UNIQUE_TOP_CANDIDATE,-10.5,2025-10-15T12:00:00Z,1,EXTENSION,1.272,EXTENSION_1.272,HIGH,2025-11-11T05:05:16Z,2025-11-11T00:00:00Z,0.17016,0.0,True
HBAR,2025-10-26T00:00:00Z,1d,NORMAL,UNIQUE_TOP_CANDIDATE,-10.5,2025-10-15T12:00:00Z,2,EXTENSION,1.618,EXTENSION_1.618,HIGH,2025-11-18T11:28:19Z,2025-11-18T00:00:00Z,0.13156,0.0,True
HBAR,2025-10-26T00:00:00Z,1d,NORMAL,UNIQUE_TOP_CANDIDATE,-10.5,2025-10-15T12:00:00Z,3,EXTENSION,2.618,EXTENSION_2.618,HIGH,2025-12-09T11:28:19Z,2025-12-09T00:00:00Z,0.123,0.0,True
HBAR,2025-10-26T00:00:00Z,1d,MAX,UNIQUE_TOP_CANDIDATE,-10.5,2025-10-15T12:00:00Z,1,EXTENSION,1.272,EXTENSION_1.272,HIGH,2025-11-11T05:05:16Z,2025-11-11T00:00:00Z,0.17016,0.0,True
HBAR,2025-10-26T00:00:00Z,1d,MAX,UNIQUE_TOP_CANDIDATE,-10.5,2025-10-15T12:00:00Z,2,EXTENSION,1.618,EXTENSION_1.618,HIGH,2025-11-18T11:28:19Z,2025-11-18T00:00:00Z,0.13156,0.0,True
HBAR,2025-10-26T00:00:00Z,1d,MAX,UNIQUE_TOP_CANDIDATE,-10.5,2025-10-15T12:00:00Z,3,EXTENSION,2.618,EXTENSION_2.618,HIGH,2025-12-09T11:28:19Z,2025-12-09T00:00:00Z,0.123,0.0,True
HBAR,2025-11-16T00:00:00Z,1d,MAX,UNIQUE_TOP_CANDIDATE,-2.0,2025-11-14T00:00:00Z,1,EXTENSION,1.272,EXTENSION_1.272,HIGH,2025-12-10T17:05:16Z,2025-12-10T00:00:00Z,0.12114,0.0,True
HBAR,2025-11-16T00:00:00Z,1d,MAX,UNIQUE_TOP_CANDIDATE,-2.0,2025-11-14T00:00:00Z,2,EXTENSION,1.618,EXTENSION_1.618,HIGH,2025-12-17T23:28:19Z,2025-12-17T00:00:00Z,0.09988,0.0,True
HBAR,2025-11-16T00:00:00Z,1d,MAX,UNIQUE_TOP_CANDIDATE,-2.0,2025-11-14T00:00:00Z,3,EXTENSION,2.618,EXTENSION_2.618,HIGH,2026-01-07T23:28:19Z,2026-01-07T00:00:00Z,0.111,0.0,True
HBAR,2026-01-18T00:00:00Z,1d,STRICT,UNIQUE_TOP_CANDIDATE,7.0,2026-01-25T00:00:00Z,1,EXTENSION,1.272,EXTENSION_1.272,HIGH,2026-02-20T17:05:16Z,2026-02-20T00:00:00Z,0.085986,0.0,True
HBAR,2026-01-18T00:00:00Z,1d,STRICT,UNIQUE_TOP_CANDIDATE,7.0,2026-01-25T00:00:00Z,2,EXTENSION,1.618,EXTENSION_1.618,HIGH,2026-02-27T23:28:19Z,2026-02-27T00:00:00Z,0.0891,0.0,True
HBAR,2026-01-18T00:00:00Z,1d,STRICT,UNIQUE_TOP_CANDIDATE,7.0,2026-01-25T00:00:00Z,3,EXTENSION,2.618,EXTENSION_2.618,HIGH,2026-03-20T23:28:19Z,2026-03-20T00:00:00Z,0.081953,0.0,True
HBAR,2026-01-18T00:00:00Z,1d,NORMAL,UNIQUE_TOP_CANDIDATE,7.0,2026-01-25T00:00:00Z,1,EXTENSION,1.272,EXTENSION_1.272,HIGH,2026-02-20T17:05:16Z,2026-02-20T00:00:00Z,0.085986,0.0,True
HBAR,2026-01-18T00:00:00Z,1d,NORMAL,UNIQUE_TOP_CANDIDATE,7.0,2026-01-25T00:00:00Z,2,EXTENSION,1.618,EXTENSION_1.618,HIGH,2026-02-27T23:28:19Z,2026-02-27T00:00:00Z,0.0891,0.0,True
HBAR,2026-01-18T00:00:00Z,1d,NORMAL,UNIQUE_TOP_CANDIDATE,7.0,2026-01-25T00:00:00Z,3,EXTENSION,2.618,EXTENSION_2.618,HIGH,2026-03-20T23:28:19Z,2026-03-20T00:00:00Z,0.081953,0.0,True
HBAR,2026-01-18T00:00:00Z,1d,MAX,UNIQUE_TOP_CANDIDATE,7.0,2026-01-25T00:00:00Z,1,EXTENSION,1.272,EXTENSION_1.272,HIGH,2026-02-20T17:05:16Z,2026-02-20T00:00:00Z,0.085986,0.0,True
HBAR,2026-01-18T00:00:00Z,1d,MAX,UNIQUE_TOP_CANDIDATE,7.0,2026-01-25T00:00:00Z,2,EXTENSION,1.618,EXTENSION_1.618,HIGH,2026-02-27T23:28:19Z,2026-02-27T00:00:00Z,0.0891,0.0,True
HBAR,2026-01-18T00:00:00Z,1d,MAX,UNIQUE_TOP_CANDIDATE,7.0,2026-01-25T00:00:00Z,3,EXTENSION,2.618,EXTENSION_2.618,HIGH,2026-03-20T23:28:19Z,2026-03-20T00:00:00Z,0.081953,0.0,True
HBAR,2026-02-08T00:00:00Z,1d,STRICT,UNIQUE_TOP_CANDIDATE,-3.0,2026-02-05T00:00:00Z,1,EXTENSION,1.272,EXTENSION_1.272,HIGH,2026-03-03T17:05:16Z,2026-03-03T00:00:00Z,0.08441,0.0,True
HBAR,2026-02-08T00:00:00Z,1d,STRICT,UNIQUE_TOP_CANDIDATE,-3.0,2026-02-05T00:00:00Z,2,EXTENSION,1.618,EXTENSION_1.618,HIGH,2026-03-10T23:28:19Z,2026-03-10T00:00:00Z,0.084986,0.0,True
HBAR,2026-02-08T00:00:00Z,1d,STRICT,UNIQUE_TOP_CANDIDATE,-3.0,2026-02-05T00:00:00Z,3,EXTENSION,2.618,EXTENSION_2.618,HIGH,2026-03-31T23:28:19Z,2026-03-31T00:00:00Z,0.076728,0.0,True
HBAR,2026-02-08T00:00:00Z,1d,NORMAL,UNIQUE_TOP_CANDIDATE,-3.0,2026-02-05T00:00:00Z,1,EXTENSION,1.272,EXTENSION_1.272,HIGH,2026-03-03T17:05:16Z,2026-03-03T00:00:00Z,0.08441,0.0,True
HBAR,2026-02-08T00:00:00Z,1d,NORMAL,UNIQUE_TOP_CANDIDATE,-3.0,2026-02-05T00:00:00Z,2,EXTENSION,1.618,EXTENSION_1.618,HIGH,2026-03-10T23:28:19Z,2026-03-10T00:00:00Z,0.084986,0.0,True
HBAR,2026-02-08T00:00:00Z,1d,NORMAL,UNIQUE_TOP_CANDIDATE,-3.0,2026-02-05T00:00:00Z,3,EXTENSION,2.618,EXTENSION_2.618,HIGH,2026-03-31T23:28:19Z,2026-03-31T00:00:00Z,0.076728,0.0,True
HBAR,2026-02-08T00:00:00Z,1d,MAX,UNIQUE_TOP_CANDIDATE,-3.0,2026-02-05T00:00:00Z,1,EXTENSION,1.272,EXTENSION_1.272,HIGH,2026-03-03T17:05:16Z,2026-03-03T00:00:00Z,0.08441,0.0,True
HBAR,2026-02-08T00:00:00Z,1d,MAX,UNIQUE_TOP_CANDIDATE,-3.0,2026-02-05T00:00:00Z,2,EXTENSION,1.618,EXTENSION_1.618,HIGH,2026-03-10T23:28:19Z,2026-03-10T00:00:00Z,0.084986,0.0,True
HBAR,2026-02-08T00:00:00Z,1d,MAX,UNIQUE_TOP_CANDIDATE,-3.0,2026-02-05T00:00:00Z,3,EXTENSION,2.618,EXTENSION_2.618,HIGH,2026-03-31T23:28:19Z,2026-03-31T00:00:00Z,0.076728,0.0,True
HBAR,2026-03-01T00:00:00Z,1d,STRICT,UNIQUE_TOP_CANDIDATE,-6.0,2026-02-23T00:00:00Z,1,EXTENSION,1.272,EXTENSION_1.272,HIGH,2026-03-21T17:05:16Z,2026-03-21T00:00:00Z,0.081029,0.0,True
HBAR,2026-03-01T00:00:00Z,1d,STRICT,UNIQUE_TOP_CANDIDATE,-6.0,2026-02-23T00:00:00Z,2,EXTENSION,1.618,EXTENSION_1.618,HIGH,2026-03-28T23:28:19Z,2026-03-28T00:00:00Z,0.0799,0.0,True
HBAR,2026-03-01T00:00:00Z,1d,STRICT,UNIQUE_TOP_CANDIDATE,-6.0,2026-02-23T00:00:00Z,3,EXTENSION,2.618,EXTENSION_2.618,HIGH,2026-04-18T23:28:19Z,2026-04-18T00:00:00Z,0.077459,0.0,True
HBAR,2026-03-01T00:00:00Z,1d,NORMAL,UNIQUE_TOP_CANDIDATE,-6.0,2026-02-23T00:00:00Z,1,EXTENSION,1.272,EXTENSION_1.272,HIGH,2026-03-21T17:05:16Z,2026-03-21T00:00:00Z,0.081029,0.0,True
HBAR,2026-03-01T00:00:00Z,1d,NORMAL,UNIQUE_TOP_CANDIDATE,-6.0,2026-02-23T00:00:00Z,2,EXTENSION,1.618,EXTENSION_1.618,HIGH,2026-03-28T23:28:19Z,2026-03-28T00:00:00Z,0.0799,0.0,True
HBAR,2026-03-01T00:00:00Z,1d,NORMAL,UNIQUE_TOP_CANDIDATE,-6.0,2026-02-23T00:00:00Z,3,EXTENSION,2.618,EXTENSION_2.618,HIGH,2026-04-18T23:28:19Z,2026-04-18T00:00:00Z,0.077459,0.0,True
HBAR,2026-03-01T00:00:00Z,1d,MAX,UNIQUE_TOP_CANDIDATE,-6.0,2026-02-23T00:00:00Z,1,EXTENSION,1.272,EXTENSION_1.272,HIGH,2026-03-21T17:05:16Z,2026-03-21T00:00:00Z,0.081029,0.0,True
HBAR,2026-03-01T00:00:00Z,1d,MAX,UNIQUE_TOP_CANDIDATE,-6.0,2026-02-23T00:00:00Z,2,EXTENSION,1.618,EXTENSION_1.618,HIGH,2026-03-28T23:28:19Z,2026-03-28T00:00:00Z,0.0799,0.0,True
HBAR,2026-03-01T00:00:00Z,1d,MAX,UNIQUE_TOP_CANDIDATE,-6.0,2026-02-23T00:00:00Z,3,EXTENSION,2.618,EXTENSION_2.618,HIGH,2026-04-18T23:28:19Z,2026-04-18T00:00:00Z,0.077459,0.0,True
HBAR,2026-03-22T00:00:00Z,1d,STRICT,UNIQUE_TOP_CANDIDATE,4.0,2026-03-26T00:00:00Z,1,EXTENSION,1.272,EXTENSION_1.272,HIGH,2026-04-21T17:05:16Z,2026-04-21T00:00:00Z,0.07774,0.0,True
HBAR,2026-03-22T00:00:00Z,1d,STRICT,UNIQUE_TOP_CANDIDATE,4.0,2026-03-26T00:00:00Z,2,EXTENSION,1.618,EXTENSION_1.618,HIGH,2026-04-28T23:28:19Z,2026-04-28T00:00:00Z,0.076473,0.0,True
HBAR,2026-03-22T00:00:00Z,1d,STRICT,UNIQUE_TOP_CANDIDATE,4.0,2026-03-26T00:00:00Z,3,EXTENSION,2.618,EXTENSION_2.618,HIGH,2026-05-19T23:28:19Z,2026-05-19T00:00:00Z,0.078,0.0,True
HBAR,2026-03-22T00:00:00Z,1d,NORMAL,UNIQUE_TOP_CANDIDATE,4.0,2026-03-26T00:00:00Z,1,EXTENSION,1.272,EXTENSION_1.272,HIGH,2026-04-21T17:05:16Z,2026-04-21T00:00:00Z,0.07774,0.0,True
HBAR,2026-03-22T00:00:00Z,1d,NORMAL,UNIQUE_TOP_CANDIDATE,4.0,2026-03-26T00:00:00Z,2,EXTENSION,1.618,EXTENSION_1.618,HIGH,2026-04-28T23:28:19Z,2026-04-28T00:00:00Z,0.076473,0.0,True
HBAR,2026-03-22T00:00:00Z,1d,NORMAL,UNIQUE_TOP_CANDIDATE,4.0,2026-03-26T00:00:00Z,3,EXTENSION,2.618,EXTENSION_2.618,HIGH,2026-05-19T23:28:19Z,2026-05-19T00:00:00Z,0.078,0.0,True
HBAR,2026-03-22T00:00:00Z,1d,MAX,UNIQUE_TOP_CANDIDATE,4.0,2026-03-26T00:00:00Z,1,EXTENSION,1.272,EXTENSION_1.272,HIGH,2026-04-21T17:05:16Z,2026-04-21T00:00:00Z,0.07774,0.0,True
HBAR,2026-03-22T00:00:00Z,1d,MAX,UNIQUE_TOP_CANDIDATE,4.0,2026-03-26T00:00:00Z,2,EXTENSION,1.618,EXTENSION_1.618,HIGH,2026-04-28T23:28:19Z,2026-04-28T00:00:00Z,0.076473,0.0,True
HBAR,2026-03-22T00:00:00Z,1d,MAX,UNIQUE_TOP_CANDIDATE,4.0,2026-03-26T00:00:00Z,3,EXTENSION,2.618,EXTENSION_2.618,HIGH,2026-05-19T23:28:19Z,2026-05-19T00:00:00Z,0.078,0.0,True
PEPE,2024-10-13T00:00:00Z,1d,NORMAL,UNIQUE_TOP_CANDIDATE,4.0,2024-10-17T00:00:00Z,1,EXTENSION,1.272,EXTENSION_1.272,HIGH,2024-11-12T17:05:16Z,2024-11-12T00:00:00Z,1.3951e-05,0.0,True
PEPE,2024-10-13T00:00:00Z,1d,NORMAL,UNIQUE_TOP_CANDIDATE,4.0,2024-10-17T00:00:00Z,2,EXTENSION,1.618,EXTENSION_1.618,HIGH,2024-11-19T23:28:19Z,2024-11-19T00:00:00Z,2.0054e-05,0.0,True
PEPE,2024-10-13T00:00:00Z,1d,NORMAL,UNIQUE_TOP_CANDIDATE,4.0,2024-10-17T00:00:00Z,3,EXTENSION,2.618,EXTENSION_2.618,HIGH,2024-12-10T23:28:19Z,2024-12-10T00:00:00Z,2.5827e-05,0.0,True
PEPE,2024-10-13T00:00:00Z,1d,MAX,UNIQUE_TOP_CANDIDATE,4.0,2024-10-17T00:00:00Z,1,EXTENSION,1.272,EXTENSION_1.272,HIGH,2024-11-12T17:05:16Z,2024-11-12T00:00:00Z,1.3951e-05,0.0,True
PEPE,2024-10-13T00:00:00Z,1d,MAX,UNIQUE_TOP_CANDIDATE,4.0,2024-10-17T00:00:00Z,2,EXTENSION,1.618,EXTENSION_1.618,HIGH,2024-11-19T23:28:19Z,2024-11-19T00:00:00Z,2.0054e-05,0.0,True
PEPE,2024-10-13T00:00:00Z,1d,MAX,UNIQUE_TOP_CANDIDATE,4.0,2024-10-17T00:00:00Z,3,EXTENSION,2.618,EXTENSION_2.618,HIGH,2024-12-10T23:28:19Z,2024-12-10T00:00:00Z,2.5827e-05,0.0,True
PEPE,2024-12-15T00:00:00Z,1d,STRICT,UNIQUE_TOP_CANDIDATE,-3.0,2024-12-12T00:00:00Z,1,EXTENSION,1.272,EXTENSION_1.272,HIGH,2025-01-07T17:05:16Z,2025-01-07T00:00:00Z,2.0082e-05,0.0,True
PEPE,2024-12-15T00:00:00Z,1d,STRICT,UNIQUE_TOP_CANDIDATE,-3.0,2024-12-12T00:00:00Z,2,EXTENSION,1.618,EXTENSION_1.618,HIGH,2025-01-14T23:28:19Z,2025-01-14T00:00:00Z,1.7196e-05,0.0,True
PEPE,2024-12-15T00:00:00Z,1d,STRICT,UNIQUE_TOP_CANDIDATE,-3.0,2024-12-12T00:00:00Z,3,EXTENSION,2.618,EXTENSION_2.618,HIGH,2025-02-04T23:28:19Z,2025-02-04T00:00:00Z,1.0761e-05,0.0,True
PEPE,2024-12-15T00:00:00Z,1d,NORMAL,UNIQUE_TOP_CANDIDATE,-3.0,2024-12-12T00:00:00Z,1,EXTENSION,1.272,EXTENSION_1.272,HIGH,2025-01-07T17:05:16Z,2025-01-07T00:00:00Z,2.0082e-05,0.0,True
PEPE,2024-12-15T00:00:00Z,1d,NORMAL,UNIQUE_TOP_CANDIDATE,-3.0,2024-12-12T00:00:00Z,2,EXTENSION,1.618,EXTENSION_1.618,HIGH,2025-01-14T23:28:19Z,2025-01-14T00:00:00Z,1.7196e-05,0.0,True
PEPE,2024-12-15T00:00:00Z,1d,NORMAL,UNIQUE_TOP_CANDIDATE,-3.0,2024-12-12T00:00:00Z,3,EXTENSION,2.618,EXTENSION_2.618,HIGH,2025-02-04T23:28:19Z,2025-02-04T00:00:00Z,1.0761e-05,0.0,True
PEPE,2024-12-15T00:00:00Z,1d,MAX,UNIQUE_TOP_CANDIDATE,-3.0,2024-12-12T00:00:00Z,1,EXTENSION,1.272,EXTENSION_1.272,HIGH,2025-01-07T17:05:16Z,2025-01-07T00:00:00Z,2.0082e-05,0.0,True
PEPE,2024-12-15T00:00:00Z,1d,MAX,UNIQUE_TOP_CANDIDATE,-3.0,2024-12-12T00:00:00Z,2,EXTENSION,1.618,EXTENSION_1.618,HIGH,2025-01-14T23:28:19Z,2025-01-14T00:00:00Z,1.7196e-05,0.0,True
PEPE,2024-12-15T00:00:00Z,1d,MAX,UNIQUE_TOP_CANDIDATE,-3.0,2024-12-12T00:00:00Z,3,EXTENSION,2.618,EXTENSION_2.618,HIGH,2025-02-04T23:28:19Z,2025-02-04T00:00:00Z,1.0761e-05,0.0,True
PEPE,2025-01-05T00:00:00Z,1d,STRICT,UNIQUE_TOP_CANDIDATE,-8.0,2024-12-28T00:00:00Z,1,EXTENSION,1.272,EXTENSION_1.272,HIGH,2025-01-23T17:05:16Z,2025-01-23T00:00:00Z,1.5e-05,0.0,True
PEPE,2025-01-05T00:00:00Z,1d,STRICT,UNIQUE_TOP_CANDIDATE,-8.0,2024-12-28T00:00:00Z,2,EXTENSION,1.618,EXTENSION_1.618,HIGH,2025-01-30T23:28:19Z,2025-01-30T00:00:00Z,1.32e-05,0.0,True
PEPE,2025-01-05T00:00:00Z,1d,STRICT,UNIQUE_TOP_CANDIDATE,-8.0,2024-12-28T00:00:00Z,3,EXTENSION,2.618,EXTENSION_2.618,HIGH,2025-02-20T23:28:19Z,2025-02-20T00:00:00Z,9.2412e-06,0.0,True
PEPE,2025-01-05T00:00:00Z,1d,NORMAL,UNIQUE_TOP_CANDIDATE,-8.0,2024-12-28T00:00:00Z,1,EXTENSION,1.272,EXTENSION_1.272,HIGH,2025-01-23T17:05:16Z,2025-01-23T00:00:00Z,1.5e-05,0.0,True
PEPE,2025-01-05T00:00:00Z,1d,NORMAL,UNIQUE_TOP_CANDIDATE,-8.0,2024-12-28T00:00:00Z,2,EXTENSION,1.618,EXTENSION_1.618,HIGH,2025-01-30T23:28:19Z,2025-01-30T00:00:00Z,1.32e-05,0.0,True
PEPE,2025-01-05T00:00:00Z,1d,NORMAL,UNIQUE_TOP_CANDIDATE,-8.0,2024-12-28T00:00:00Z,3,EXTENSION,2.618,EXTENSION_2.618,HIGH,2025-02-20T23:28:19Z,2025-02-20T00:00:00Z,9.2412e-06,0.0,True
PEPE,2025-01-05T00:00:00Z,1d,MAX,UNIQUE_TOP_CANDIDATE,-6.0,2024-12-30T00:00:00Z,1,EXTENSION,1.272,EXTENSION_1.272,HIGH,2025-01-25T17:05:16Z,2025-01-25T00:00:00Z,1.4688e-05,0.0,True
PEPE,2025-01-05T00:00:00Z,1d,MAX,UNIQUE_TOP_CANDIDATE,-6.0,2024-12-30T00:00:00Z,2,EXTENSION,1.618,EXTENSION_1.618,HIGH,2025-02-01T23:28:19Z,2025-02-01T00:00:00Z,1.38e-05,0.0,True
PEPE,2025-01-05T00:00:00Z,1d,MAX,UNIQUE_TOP_CANDIDATE,-6.0,2024-12-30T00:00:00Z,3,EXTENSION,2.618,EXTENSION_2.618,HIGH,2025-02-22T23:28:19Z,2025-02-22T00:00:00Z,9.3066e-06,0.0,True
PEPE,2025-01-26T00:00:00Z,1d,STRICT,UNIQUE_TOP_CANDIDATE,1.0,2025-01-27T00:00:00Z,1,EXTENSION,1.272,EXTENSION_1.272,HIGH,2025-02-22T17:05:16Z,2025-02-22T00:00:00Z,9.3066e-06,0.0,True
PEPE,2025-01-26T00:00:00Z,1d,STRICT,UNIQUE_TOP_CANDIDATE,1.0,2025-01-27T00:00:00Z,2,EXTENSION,1.618,EXTENSION_1.618,HIGH,2025-03-01T23:28:19Z,2025-03-01T00:00:00Z,7.714e-06,0.0,True
PEPE,2025-01-26T00:00:00Z,1d,STRICT,UNIQUE_TOP_CANDIDATE,1.0,2025-01-27T00:00:00Z,3,EXTENSION,2.618,EXTENSION_2.618,HIGH,2025-03-22T23:28:19Z,2025-03-22T00:00:00Z,6.8309e-06,0.0,True
PEPE,2025-01-26T00:00:00Z,1d,NORMAL,UNIQUE_TOP_CANDIDATE,1.0,2025-01-27T00:00:00Z,1,EXTENSION,1.272,EXTENSION_1.272,HIGH,2025-02-22T17:05:16Z,2025-02-22T00:00:00Z,9.3066e-06,0.0,True
PEPE,2025-01-26T00:00:00Z,1d,NORMAL,UNIQUE_TOP_CANDIDATE,1.0,2025-01-27T00:00:00Z,2,EXTENSION,1.618,EXTENSION_1.618,HIGH,2025-03-01T23:28:19Z,2025-03-01T00:00:00Z,7.714e-06,0.0,True
PEPE,2025-01-26T00:00:00Z,1d,NORMAL,UNIQUE_TOP_CANDIDATE,1.0,2025-01-27T00:00:00Z,3,EXTENSION,2.618,EXTENSION_2.618,HIGH,2025-03-22T23:28:19Z,2025-03-22T00:00:00Z,6.8309e-06,0.0,True
PEPE,2025-01-26T00:00:00Z,1d,MAX,UNIQUE_TOP_CANDIDATE,1.0,2025-01-27T00:00:00Z,1,EXTENSION,1.272,EXTENSION_1.272,HIGH,2025-02-22T17:05:16Z,2025-02-22T00:00:00Z,9.3066e-06,0.0,True
PEPE,2025-01-26T00:00:00Z,1d,MAX,UNIQUE_TOP_CANDIDATE,1.0,2025-01-27T00:00:00Z,2,EXTENSION,1.618,EXTENSION_1.618,HIGH,2025-03-01T23:28:19Z,2025-03-01T00:00:00Z,7.714e-06,0.0,True
PEPE,2025-01-26T00:00:00Z,1d,MAX,UNIQUE_TOP_CANDIDATE,1.0,2025-01-27T00:00:00Z,3,EXTENSION,2.618,EXTENSION_2.618,HIGH,2025-03-22T23:28:19Z,2025-03-22T00:00:00Z,6.8309e-06,0.0,True
PEPE,2025-02-16T00:00:00Z,1d,STRICT,UNIQUE_TOP_CANDIDATE,8.0,2025-02-24T00:00:00Z,1,EXTENSION,1.272,EXTENSION_1.272,HIGH,2025-03-22T17:05:16Z,2025-03-22T00:00:00Z,6.8309e-06,0.0,True
PEPE,2025-02-16T00:00:00Z,1d,STRICT,UNIQUE_TOP_CANDIDATE,8.0,2025-02-24T00:00:00Z,2,EXTENSION,1.618,EXTENSION_1.618,HIGH,2025-03-29T23:28:19Z,2025-03-29T00:00:00Z,7.283e-06,0.0,True
PEPE,2025-02-16T00:00:00Z,1d,STRICT,UNIQUE_TOP_CANDIDATE,8.0,2025-02-24T00:00:00Z,3,EXTENSION,2.618,EXTENSION_2.618,HIGH,2025-04-19T23:28:19Z,2025-04-19T00:00:00Z,6.6659e-06,0.0,True
PEPE,2025-02-16T00:00:00Z,1d,NORMAL,UNIQUE_TOP_CANDIDATE,8.0,2025-02-24T00:00:00Z,1,EXTENSION,1.272,EXTENSION_1.272,HIGH,2025-03-22T17:05:16Z,2025-03-22T00:00:00Z,6.8309e-06,0.0,True
PEPE,2025-02-16T00:00:00Z,1d,NORMAL,UNIQUE_TOP_CANDIDATE,8.0,2025-02-24T00:00:00Z,2,EXTENSION,1.618,EXTENSION_1.618,HIGH,2025-03-29T23:28:19Z,2025-03-29T00:00:00Z,7.283e-06,0.0,True
PEPE,2025-02-16T00:00:00Z,1d,NORMAL,UNIQUE_TOP_CANDIDATE,8.0,2025-02-24T00:00:00Z,3,EXTENSION,2.618,EXTENSION_2.618,HIGH,2025-04-19T23:28:19Z,2025-04-19T00:00:00Z,6.6659e-06,0.0,True
PEPE,2025-02-16T00:00:00Z,1d,MAX,UNIQUE_TOP_CANDIDATE,8.0,2025-02-24T00:00:00Z,1,EXTENSION,1.272,EXTENSION_1.272,HIGH,2025-03-22T17:05:16Z,2025-03-22T00:00:00Z,6.8309e-06,0.0,True
PEPE,2025-02-16T00:00:00Z,1d,MAX,UNIQUE_TOP_CANDIDATE,8.0,2025-02-24T00:00:00Z,2,EXTENSION,1.618,EXTENSION_1.618,HIGH,2025-03-29T23:28:19Z,2025-03-29T00:00:00Z,7.283e-06,0.0,True
PEPE,2025-02-16T00:00:00Z,1d,MAX,UNIQUE_TOP_CANDIDATE,8.0,2025-02-24T00:00:00Z,3,EXTENSION,2.618,EXTENSION_2.618,HIGH,2025-04-19T23:28:19Z,2025-04-19T00:00:00Z,6.6659e-06,0.0,True
PEPE,2025-03-09T00:00:00Z,1d,STRICT,UNIQUE_TOP_CANDIDATE,-1.0,2025-03-08T00:00:00Z,1,EXTENSION,1.272,EXTENSION_1.272,HIGH,2025-04-03T17:05:16Z,2025-04-03T00:00:00Z,6.6776e-06,0.0,True
PEPE,2025-03-09T00:00:00Z,1d,STRICT,UNIQUE_TOP_CANDIDATE,-1.0,2025-03-08T00:00:00Z,2,EXTENSION,1.618,EXTENSION_1.618,HIGH,2025-04-10T23:28:19Z,2025-04-10T00:00:00Z,6.3814e-06,0.0,True
PEPE,2025-03-09T00:00:00Z,1d,STRICT,UNIQUE_TOP_CANDIDATE,-1.0,2025-03-08T00:00:00Z,3,EXTENSION,2.618,EXTENSION_2.618,HIGH,2025-05-01T23:28:19Z,2025-05-01T00:00:00Z,8.0276e-06,0.0,True
PEPE,2025-03-09T00:00:00Z,1d,NORMAL,UNIQUE_TOP_CANDIDATE,-1.0,2025-03-08T00:00:00Z,1,EXTENSION,1.272,EXTENSION_1.272,HIGH,2025-04-03T17:05:16Z,2025-04-03T00:00:00Z,6.6776e-06,0.0,True
PEPE,2025-03-09T00:00:00Z,1d,NORMAL,UNIQUE_TOP_CANDIDATE,-1.0,2025-03-08T00:00:00Z,2,EXTENSION,1.618,EXTENSION_1.618,HIGH,2025-04-10T23:28:19Z,2025-04-10T00:00:00Z,6.3814e-06,0.0,True
PEPE,2025-03-09T00:00:00Z,1d,NORMAL,UNIQUE_TOP_CANDIDATE,-1.0,2025-03-08T00:00:00Z,3,EXTENSION,2.618,EXTENSION_2.618,HIGH,2025-05-01T23:28:19Z,2025-05-01T00:00:00Z,8.0276e-06,0.0,True
PEPE,2025-03-09T00:00:00Z,1d,MAX,UNIQUE_TOP_CANDIDATE,-1.0,2025-03-08T00:00:00Z,1,EXTENSION,1.272,EXTENSION_1.272,HIGH,2025-04-03T17:05:16Z,2025-04-03T00:00:00Z,6.6776e-06,0.0,True
PEPE,2025-03-09T00:00:00Z,1d,MAX,UNIQUE_TOP_CANDIDATE,-1.0,2025-03-08T00:00:00Z,2,EXTENSION,1.618,EXTENSION_1.618,HIGH,2025-04-10T23:28:19Z,2025-04-10T00:00:00Z,6.3814e-06,0.0,True
PEPE,2025-03-09T00:00:00Z,1d,MAX,UNIQUE_TOP_CANDIDATE,-1.0,2025-03-08T00:00:00Z,3,EXTENSION,2.618,EXTENSION_2.618,HIGH,2025-05-01T23:28:19Z,2025-05-01T00:00:00Z,8.0276e-06,0.0,True
PEPE,2025-04-20T00:00:00Z,1d,STRICT,UNIQUE_TOP_CANDIDATE,-3.0,2025-04-17T00:00:00Z,1,EXTENSION,1.272,EXTENSION_1.272,HIGH,2025-05-13T17:05:16Z,2025-05-13T00:00:00Z,1.3489e-05,0.0,True
PEPE,2025-04-20T00:00:00Z,1d,STRICT,UNIQUE_TOP_CANDIDATE,-3.0,2025-04-17T00:00:00Z,2,EXTENSION,1.618,EXTENSION_1.618,HIGH,2025-05-20T23:28:19Z,2025-05-20T00:00:00Z,1.2138e-05,0.0,True
PEPE,2025-04-20T00:00:00Z,1d,STRICT,UNIQUE_TOP_CANDIDATE,-3.0,2025-04-17T00:00:00Z,3,EXTENSION,2.618,EXTENSION_2.618,HIGH,2025-06-10T23:28:19Z,2025-06-10T00:00:00Z,1.1911e-05,0.0,True
PEPE,2025-04-20T00:00:00Z,1d,NORMAL,UNIQUE_TOP_CANDIDATE,-3.0,2025-04-17T00:00:00Z,1,EXTENSION,1.272,EXTENSION_1.272,HIGH,2025-05-13T17:05:16Z,2025-05-13T00:00:00Z,1.3489e-05,0.0,True
PEPE,2025-04-20T00:00:00Z,1d,NORMAL,UNIQUE_TOP_CANDIDATE,-3.0,2025-04-17T00:00:00Z,2,EXTENSION,1.618,EXTENSION_1.618,HIGH,2025-05-20T23:28:19Z,2025-05-20T00:00:00Z,1.2138e-05,0.0,True
PEPE,2025-04-20T00:00:00Z,1d,NORMAL,UNIQUE_TOP_CANDIDATE,-3.0,2025-04-17T00:00:00Z,3,EXTENSION,2.618,EXTENSION_2.618,HIGH,2025-06-10T23:28:19Z,2025-06-10T00:00:00Z,1.1911e-05,0.0,True
PEPE,2025-04-20T00:00:00Z,1d,MAX,UNIQUE_TOP_CANDIDATE,-3.0,2025-04-17T00:00:00Z,1,EXTENSION,1.272,EXTENSION_1.272,HIGH,2025-05-13T17:05:16Z,2025-05-13T00:00:00Z,1.3489e-05,0.0,True
PEPE,2025-04-20T00:00:00Z,1d,MAX,UNIQUE_TOP_CANDIDATE,-3.0,2025-04-17T00:00:00Z,2,EXTENSION,1.618,EXTENSION_1.618,HIGH,2025-05-20T23:28:19Z,2025-05-20T00:00:00Z,1.2138e-05,0.0,True
PEPE,2025-04-20T00:00:00Z,1d,MAX,UNIQUE_TOP_CANDIDATE,-3.0,2025-04-17T00:00:00Z,3,EXTENSION,2.618,EXTENSION_2.618,HIGH,2025-06-10T23:28:19Z,2025-06-10T00:00:00Z,1.1911e-05,0.0,True
PEPE,2025-06-01T00:00:00Z,1d,STRICT,UNIQUE_TOP_CANDIDATE,-9.0,2025-05-23T00:00:00Z,1,EXTENSION,1.272,EXTENSION_1.272,HIGH,2025-06-18T17:05:16Z,2025-06-18T00:00:00Z,9.0609e-06,0.0,True
PEPE,2025-06-01T00:00:00Z,1d,STRICT,UNIQUE_TOP_CANDIDATE,-9.0,2025-05-23T00:00:00Z,2,EXTENSION,1.618,EXTENSION_1.618,HIGH,2025-06-25T23:28:19Z,2025-06-25T00:00:00Z,8.77e-06,0.0,True
PEPE,2025-06-01T00:00:00Z,1d,STRICT,UNIQUE_TOP_CANDIDATE,-9.0,2025-05-23T00:00:00Z,3,EXTENSION,2.618,EXTENSION_2.618,HIGH,2025-07-16T23:28:19Z,2025-07-16T00:00:00Z,1.2116e-05,0.0,True
PEPE,2025-06-01T00:00:00Z,1d,NORMAL,UNIQUE_TOP_CANDIDATE,-9.0,2025-05-23T00:00:00Z,1,EXTENSION,1.272,EXTENSION_1.272,HIGH,2025-06-18T17:05:16Z,2025-06-18T00:00:00Z,9.0609e-06,0.0,True
PEPE,2025-06-01T00:00:00Z,1d,NORMAL,UNIQUE_TOP_CANDIDATE,-9.0,2025-05-23T00:00:00Z,2,EXTENSION,1.618,EXTENSION_1.618,HIGH,2025-06-25T23:28:19Z,2025-06-25T00:00:00Z,8.77e-06,0.0,True
PEPE,2025-06-01T00:00:00Z,1d,NORMAL,UNIQUE_TOP_CANDIDATE,-9.0,2025-05-23T00:00:00Z,3,EXTENSION,2.618,EXTENSION_2.618,HIGH,2025-07-16T23:28:19Z,2025-07-16T00:00:00Z,1.2116e-05,0.0,True
PEPE,2025-06-01T00:00:00Z,1d,MAX,UNIQUE_TOP_CANDIDATE,-9.0,2025-05-23T00:00:00Z,1,EXTENSION,1.272,EXTENSION_1.272,HIGH,2025-06-18T17:05:16Z,2025-06-18T00:00:00Z,9.0609e-06,0.0,True
PEPE,2025-06-01T00:00:00Z,1d,MAX,UNIQUE_TOP_CANDIDATE,-9.0,2025-05-23T00:00:00Z,2,EXTENSION,1.618,EXTENSION_1.618,HIGH,2025-06-25T23:28:19Z,2025-06-25T00:00:00Z,8.77e-06,0.0,True
PEPE,2025-06-01T00:00:00Z,1d,MAX,UNIQUE_TOP_CANDIDATE,-9.0,2025-05-23T00:00:00Z,3,EXTENSION,2.618,EXTENSION_2.618,HIGH,2025-07-16T23:28:19Z,2025-07-16T00:00:00Z,1.2116e-05,0.0,True
PEPE,2025-07-13T00:00:00Z,1d,STRICT,UNIQUE_TOP_CANDIDATE,-10.5,2025-07-02T12:00:00Z,1,EXTENSION,1.272,EXTENSION_1.272,HIGH,2025-07-29T05:05:16Z,2025-07-29T00:00:00Z,1.0515e-05,0.0,True
PEPE,2025-07-13T00:00:00Z,1d,STRICT,UNIQUE_TOP_CANDIDATE,-10.5,2025-07-02T12:00:00Z,2,EXTENSION,1.618,EXTENSION_1.618,HIGH,2025-08-05T11:28:19Z,2025-08-05T00:00:00Z,9.3189e-06,0.0,True
PEPE,2025-07-13T00:00:00Z,1d,STRICT,UNIQUE_TOP_CANDIDATE,-10.5,2025-07-02T12:00:00Z,3,EXTENSION,2.618,EXTENSION_2.618,HIGH,2025-08-26T11:28:19Z,2025-08-26T00:00:00Z,8.7568e-06,0.0,True
PEPE,2025-07-13T00:00:00Z,1d,NORMAL,UNIQUE_TOP_CANDIDATE,-10.5,2025-07-02T12:00:00Z,1,EXTENSION,1.272,EXTENSION_1.272,HIGH,2025-07-29T05:05:16Z,2025-07-29T00:00:00Z,1.0515e-05,0.0,True
PEPE,2025-07-13T00:00:00Z,1d,NORMAL,UNIQUE_TOP_CANDIDATE,-10.5,2025-07-02T12:00:00Z,2,EXTENSION,1.618,EXTENSION_1.618,HIGH,2025-08-05T11:28:19Z,2025-08-05T00:00:00Z,9.3189e-06,0.0,True
PEPE,2025-07-13T00:00:00Z,1d,NORMAL,UNIQUE_TOP_CANDIDATE,-10.5,2025-07-02T12:00:00Z,3,EXTENSION,2.618,EXTENSION_2.618,HIGH,2025-08-26T11:28:19Z,2025-08-26T00:00:00Z,8.7568e-06,0.0,True
PEPE,2025-07-13T00:00:00Z,1d,MAX,UNIQUE_TOP_CANDIDATE,-10.5,2025-07-02T12:00:00Z,1,EXTENSION,1.272,EXTENSION_1.272,HIGH,2025-07-29T05:05:16Z,2025-07-29T00:00:00Z,1.0515e-05,0.0,True
PEPE,2025-07-13T00:00:00Z,1d,MAX,UNIQUE_TOP_CANDIDATE,-10.5,2025-07-02T12:00:00Z,2,EXTENSION,1.618,EXTENSION_1.618,HIGH,2025-08-05T11:28:19Z,2025-08-05T00:00:00Z,9.3189e-06,0.0,True
PEPE,2025-07-13T00:00:00Z,1d,MAX,UNIQUE_TOP_CANDIDATE,-10.5,2025-07-02T12:00:00Z,3,EXTENSION,2.618,EXTENSION_2.618,HIGH,2025-08-26T11:28:19Z,2025-08-26T00:00:00Z,8.7568e-06,0.0,True
PEPE,2025-08-03T00:00:00Z,1d,STRICT,UNIQUE_TOP_CANDIDATE,-10.5,2025-07-23T12:00:00Z,1,EXTENSION,1.272,EXTENSION_1.272,HIGH,2025-08-19T05:05:16Z,2025-08-19T00:00:00Z,9.307e-06,0.0,True
PEPE,2025-08-03T00:00:00Z,1d,STRICT,UNIQUE_TOP_CANDIDATE,-10.5,2025-07-23T12:00:00Z,2,EXTENSION,1.618,EXTENSION_1.618,HIGH,2025-08-26T11:28:19Z,2025-08-26T00:00:00Z,8.7568e-06,0.0,True
PEPE,2025-08-03T00:00:00Z,1d,STRICT,UNIQUE_TOP_CANDIDATE,-10.5,2025-07-23T12:00:00Z,3,EXTENSION,2.618,EXTENSION_2.618,HIGH,2025-09-16T11:28:19Z,2025-09-16T00:00:00Z,9.349e-06,0.0,True
PEPE,2025-08-03T00:00:00Z,1d,NORMAL,UNIQUE_TOP_CANDIDATE,-10.5,2025-07-23T12:00:00Z,1,EXTENSION,1.272,EXTENSION_1.272,HIGH,2025-08-19T05:05:16Z,2025-08-19T00:00:00Z,9.307e-06,0.0,True
PEPE,2025-08-03T00:00:00Z,1d,NORMAL,UNIQUE_TOP_CANDIDATE,-10.5,2025-07-23T12:00:00Z,2,EXTENSION,1.618,EXTENSION_1.618,HIGH,2025-08-26T11:28:19Z,2025-08-26T00:00:00Z,8.7568e-06,0.0,True
PEPE,2025-08-03T00:00:00Z,1d,NORMAL,UNIQUE_TOP_CANDIDATE,-10.5,2025-07-23T12:00:00Z,3,EXTENSION,2.618,EXTENSION_2.618,HIGH,2025-09-16T11:28:19Z,2025-09-16T00:00:00Z,9.349e-06,0.0,True
PEPE,2025-08-03T00:00:00Z,1d,MAX,UNIQUE_TOP_CANDIDATE,-10.5,2025-07-23T12:00:00Z,1,EXTENSION,1.272,EXTENSION_1.272,HIGH,2025-08-19T05:05:16Z,2025-08-19T00:00:00Z,9.307e-06,0.0,True
PEPE,2025-08-03T00:00:00Z,1d,MAX,UNIQUE_TOP_CANDIDATE,-10.5,2025-07-23T12:00:00Z,2,EXTENSION,1.618,EXTENSION_1.618,HIGH,2025-08-26T11:28:19Z,2025-08-26T00:00:00Z,8.7568e-06,0.0,True
PEPE,2025-08-03T00:00:00Z,1d,MAX,UNIQUE_TOP_CANDIDATE,-10.5,2025-07-23T12:00:00Z,3,EXTENSION,2.618,EXTENSION_2.618,HIGH,2025-09-16T11:28:19Z,2025-09-16T00:00:00Z,9.349e-06,0.0,True
PEPE,2025-08-24T00:00:00Z,1d,STRICT,UNIQUE_TOP_CANDIDATE,1.0,2025-08-25T00:00:00Z,1,EXTENSION,1.272,EXTENSION_1.272,HIGH,2025-09-20T17:05:16Z,2025-09-20T00:00:00Z,9.2457e-06,0.0,True
PEPE,2025-08-24T00:00:00Z,1d,STRICT,UNIQUE_TOP_CANDIDATE,1.0,2025-08-25T00:00:00Z,2,EXTENSION,1.618,EXTENSION_1.618,HIGH,2025-09-27T23:28:19Z,2025-09-27T00:00:00Z,8.0653e-06,0.0,True
PEPE,2025-08-24T00:00:00Z,1d,STRICT,UNIQUE_TOP_CANDIDATE,1.0,2025-08-25T00:00:00Z,3,EXTENSION,2.618,EXTENSION_2.618,HIGH,2025-10-18T23:28:19Z,2025-10-18T00:00:00Z,5.8814e-06,0.0,True
PEPE,2025-08-24T00:00:00Z,1d,NORMAL,UNIQUE_TOP_CANDIDATE,1.0,2025-08-25T00:00:00Z,1,EXTENSION,1.272,EXTENSION_1.272,HIGH,2025-09-20T17:05:16Z,2025-09-20T00:00:00Z,9.2457e-06,0.0,True
PEPE,2025-08-24T00:00:00Z,1d,NORMAL,UNIQUE_TOP_CANDIDATE,1.0,2025-08-25T00:00:00Z,2,EXTENSION,1.618,EXTENSION_1.618,HIGH,2025-09-27T23:28:19Z,2025-09-27T00:00:00Z,8.0653e-06,0.0,True
PEPE,2025-08-24T00:00:00Z,1d,NORMAL,UNIQUE_TOP_CANDIDATE,1.0,2025-08-25T00:00:00Z,3,EXTENSION,2.618,EXTENSION_2.618,HIGH,2025-10-18T23:28:19Z,2025-10-18T00:00:00Z,5.8814e-06,0.0,True
PEPE,2025-08-24T00:00:00Z,1d,MAX,UNIQUE_TOP_CANDIDATE,1.0,2025-08-25T00:00:00Z,1,EXTENSION,1.272,EXTENSION_1.272,HIGH,2025-09-20T17:05:16Z,2025-09-20T00:00:00Z,9.2457e-06,0.0,True
PEPE,2025-08-24T00:00:00Z,1d,MAX,UNIQUE_TOP_CANDIDATE,1.0,2025-08-25T00:00:00Z,2,EXTENSION,1.618,EXTENSION_1.618,HIGH,2025-09-27T23:28:19Z,2025-09-27T00:00:00Z,8.0653e-06,0.0,True
PEPE,2025-08-24T00:00:00Z,1d,MAX,UNIQUE_TOP_CANDIDATE,1.0,2025-08-25T00:00:00Z,3,EXTENSION,2.618,EXTENSION_2.618,HIGH,2025-10-18T23:28:19Z,2025-10-18T00:00:00Z,5.8814e-06,0.0,True
PEPE,2025-09-14T00:00:00Z,1d,MAX,UNIQUE_TOP_CANDIDATE,2.0,2025-09-16T00:00:00Z,1,EXTENSION,1.272,EXTENSION_1.272,HIGH,2025-10-12T17:05:16Z,2025-10-12T00:00:00Z,6.7016e-06,0.0,True
PEPE,2025-09-14T00:00:00Z,1d,MAX,UNIQUE_TOP_CANDIDATE,2.0,2025-09-16T00:00:00Z,2,EXTENSION,1.618,EXTENSION_1.618,HIGH,2025-10-19T23:28:19Z,2025-10-19T00:00:00Z,6.13e-06,0.0,True
PEPE,2025-09-14T00:00:00Z,1d,MAX,UNIQUE_TOP_CANDIDATE,2.0,2025-09-16T00:00:00Z,3,EXTENSION,2.618,EXTENSION_2.618,HIGH,2025-11-09T23:28:19Z,2025-11-09T00:00:00Z,5.3445e-06,0.0,True
PEPE,2025-10-05T00:00:00Z,1d,MAX,UNIQUE_TOP_CANDIDATE,5.0,2025-10-10T00:00:00Z,1,EXTENSION,1.272,EXTENSION_1.272,HIGH,2025-11-05T17:05:16Z,2025-11-05T00:00:00Z,5.0621e-06,0.0,True
PEPE,2025-10-05T00:00:00Z,1d,MAX,UNIQUE_TOP_CANDIDATE,5.0,2025-10-10T00:00:00Z,2,EXTENSION,1.618,EXTENSION_1.618,HIGH,2025-11-12T23:28:19Z,2025-11-12T00:00:00Z,5.2696e-06,0.0,True
PEPE,2025-10-05T00:00:00Z,1d,MAX,UNIQUE_TOP_CANDIDATE,5.0,2025-10-10T00:00:00Z,3,EXTENSION,2.618,EXTENSION_2.618,HIGH,2025-12-03T23:28:19Z,2025-12-03T00:00:00Z,4.1696e-06,0.0,True
PEPE,2025-10-26T00:00:00Z,1d,STRICT,UNIQUE_TOP_CANDIDATE,-4.0,2025-10-22T00:00:00Z,1,EXTENSION,1.272,EXTENSION_1.272,HIGH,2025-11-17T17:05:16Z,2025-11-17T00:00:00Z,4.3555e-06,0.0,True
PEPE,2025-10-26T00:00:00Z,1d,STRICT,UNIQUE_TOP_CANDIDATE,-4.0,2025-10-22T00:00:00Z,2,EXTENSION,1.618,EXTENSION_1.618,HIGH,2025-11-24T23:28:19Z,2025-11-24T00:00:00Z,4.044e-06,0.0,True
PEPE,2025-10-26T00:00:00Z,1d,STRICT,UNIQUE_TOP_CANDIDATE,-4.0,2025-10-22T00:00:00Z,3,EXTENSION,2.618,EXTENSION_2.618,HIGH,2025-12-15T23:28:19Z,2025-12-15T00:00:00Z,3.7232e-06,0.0,True
PEPE,2025-10-26T00:00:00Z,1d,NORMAL,UNIQUE_TOP_CANDIDATE,-4.0,2025-10-22T00:00:00Z,1,EXTENSION,1.272,EXTENSION_1.272,HIGH,2025-11-17T17:05:16Z,2025-11-17T00:00:00Z,4.3555e-06,0.0,True
PEPE,2025-10-26T00:00:00Z,1d,NORMAL,UNIQUE_TOP_CANDIDATE,-4.0,2025-10-22T00:00:00Z,2,EXTENSION,1.618,EXTENSION_1.618,HIGH,2025-11-24T23:28:19Z,2025-11-24T00:00:00Z,4.044e-06,0.0,True
PEPE,2025-10-26T00:00:00Z,1d,NORMAL,UNIQUE_TOP_CANDIDATE,-4.0,2025-10-22T00:00:00Z,3,EXTENSION,2.618,EXTENSION_2.618,HIGH,2025-12-15T23:28:19Z,2025-12-15T00:00:00Z,3.7232e-06,0.0,True
PEPE,2025-10-26T00:00:00Z,1d,MAX,UNIQUE_TOP_CANDIDATE,-4.0,2025-10-22T00:00:00Z,1,EXTENSION,1.272,EXTENSION_1.272,HIGH,2025-11-17T17:05:16Z,2025-11-17T00:00:00Z,4.3555e-06,0.0,True
PEPE,2025-10-26T00:00:00Z,1d,MAX,UNIQUE_TOP_CANDIDATE,-4.0,2025-10-22T00:00:00Z,2,EXTENSION,1.618,EXTENSION_1.618,HIGH,2025-11-24T23:28:19Z,2025-11-24T00:00:00Z,4.044e-06,0.0,True
PEPE,2025-10-26T00:00:00Z,1d,MAX,UNIQUE_TOP_CANDIDATE,-4.0,2025-10-22T00:00:00Z,3,EXTENSION,2.618,EXTENSION_2.618,HIGH,2025-12-15T23:28:19Z,2025-12-15T00:00:00Z,3.7232e-06,0.0,True
PEPE,2026-02-08T00:00:00Z,1d,STRICT,UNIQUE_TOP_CANDIDATE,-7.0,2026-02-01T00:00:00Z,1,EXTENSION,1.272,EXTENSION_1.272,HIGH,2026-02-27T17:05:16Z,2026-02-27T00:00:00Z,3.319e-06,0.0,True
PEPE,2026-02-08T00:00:00Z,1d,STRICT,UNIQUE_TOP_CANDIDATE,-7.0,2026-02-01T00:00:00Z,2,EXTENSION,1.618,EXTENSION_1.618,HIGH,2026-03-06T23:28:19Z,2026-03-06T00:00:00Z,3.0372e-06,0.0,True
PEPE,2026-02-08T00:00:00Z,1d,STRICT,UNIQUE_TOP_CANDIDATE,-7.0,2026-02-01T00:00:00Z,3,EXTENSION,2.618,EXTENSION_2.618,HIGH,2026-03-27T23:28:19Z,2026-03-27T00:00:00Z,2.9735e-06,0.0,True
PEPE,2026-02-08T00:00:00Z,1d,NORMAL,UNIQUE_TOP_CANDIDATE,-7.0,2026-02-01T00:00:00Z,1,EXTENSION,1.272,EXTENSION_1.272,HIGH,2026-02-27T17:05:16Z,2026-02-27T00:00:00Z,3.319e-06,0.0,True
PEPE,2026-02-08T00:00:00Z,1d,NORMAL,UNIQUE_TOP_CANDIDATE,-7.0,2026-02-01T00:00:00Z,2,EXTENSION,1.618,EXTENSION_1.618,HIGH,2026-03-06T23:28:19Z,2026-03-06T00:00:00Z,3.0372e-06,0.0,True
PEPE,2026-02-08T00:00:00Z,1d,NORMAL,UNIQUE_TOP_CANDIDATE,-7.0,2026-02-01T00:00:00Z,3,EXTENSION,2.618,EXTENSION_2.618,HIGH,2026-03-27T23:28:19Z,2026-03-27T00:00:00Z,2.9735e-06,0.0,True
PEPE,2026-02-08T00:00:00Z,1d,MAX,UNIQUE_TOP_CANDIDATE,-7.0,2026-02-01T00:00:00Z,1,EXTENSION,1.272,EXTENSION_1.272,HIGH,2026-02-27T17:05:16Z,2026-02-27T00:00:00Z,3.319e-06,0.0,True
PEPE,2026-02-08T00:00:00Z,1d,MAX,UNIQUE_TOP_CANDIDATE,-7.0,2026-02-01T00:00:00Z,2,EXTENSION,1.618,EXTENSION_1.618,HIGH,2026-03-06T23:28:19Z,2026-03-06T00:00:00Z,3.0372e-06,0.0,True
PEPE,2026-02-08T00:00:00Z,1d,MAX,UNIQUE_TOP_CANDIDATE,-7.0,2026-02-01T00:00:00Z,3,EXTENSION,2.618,EXTENSION_2.618,HIGH,2026-03-27T23:28:19Z,2026-03-27T00:00:00Z,2.9735e-06,0.0,True
PEPE,2026-03-01T00:00:00Z,1d,STRICT,UNIQUE_TOP_CANDIDATE,10.0,2026-03-11T00:00:00Z,1,EXTENSION,1.272,EXTENSION_1.272,HIGH,2026-04-06T17:05:16Z,2026-04-06T00:00:00Z,3.1509e-06,0.0,True
PEPE,2026-03-01T00:00:00Z,1d,STRICT,UNIQUE_TOP_CANDIDATE,10.0,2026-03-11T00:00:00Z,2,EXTENSION,1.618,EXTENSION_1.618,HIGH,2026-04-13T23:28:19Z,2026-04-13T00:00:00Z,3.2e-06,0.0,True
PEPE,2026-03-01T00:00:00Z,1d,STRICT,UNIQUE_TOP_CANDIDATE,10.0,2026-03-11T00:00:00Z,3,EXTENSION,2.618,EXTENSION_2.618,HIGH,2026-05-04T23:28:19Z,2026-05-04T00:00:00Z,3.5161e-06,0.0,True
PEPE,2026-03-01T00:00:00Z,1d,NORMAL,UNIQUE_TOP_CANDIDATE,10.0,2026-03-11T00:00:00Z,1,EXTENSION,1.272,EXTENSION_1.272,HIGH,2026-04-06T17:05:16Z,2026-04-06T00:00:00Z,3.1509e-06,0.0,True
PEPE,2026-03-01T00:00:00Z,1d,NORMAL,UNIQUE_TOP_CANDIDATE,10.0,2026-03-11T00:00:00Z,2,EXTENSION,1.618,EXTENSION_1.618,HIGH,2026-04-13T23:28:19Z,2026-04-13T00:00:00Z,3.2e-06,0.0,True
PEPE,2026-03-01T00:00:00Z,1d,NORMAL,UNIQUE_TOP_CANDIDATE,10.0,2026-03-11T00:00:00Z,3,EXTENSION,2.618,EXTENSION_2.618,HIGH,2026-05-04T23:28:19Z,2026-05-04T00:00:00Z,3.5161e-06,0.0,True
PEPE,2026-03-01T00:00:00Z,1d,MAX,UNIQUE_TOP_CANDIDATE,10.0,2026-03-11T00:00:00Z,1,EXTENSION,1.272,EXTENSION_1.272,HIGH,2026-04-06T17:05:16Z,2026-04-06T00:00:00Z,3.1509e-06,0.0,True
PEPE,2026-03-01T00:00:00Z,1d,MAX,UNIQUE_TOP_CANDIDATE,10.0,2026-03-11T00:00:00Z,2,EXTENSION,1.618,EXTENSION_1.618,HIGH,2026-04-13T23:28:19Z,2026-04-13T00:00:00Z,3.2e-06,0.0,True
PEPE,2026-03-01T00:00:00Z,1d,MAX,UNIQUE_TOP_CANDIDATE,10.0,2026-03-11T00:00:00Z,3,EXTENSION,2.618,EXTENSION_2.618,HIGH,2026-05-04T23:28:19Z,2026-05-04T00:00:00Z,3.5161e-06,0.0,True
RENDER,2024-10-13T00:00:00Z,1d,STRICT,UNIQUE_TOP_CANDIDATE,4.0,2024-10-17T00:00:00Z,1,EXTENSION,1.272,EXTENSION_1.272,HIGH,2024-11-12T17:05:16Z,2024-11-12T00:00:00Z,7.1086,0.0,True
RENDER,2024-10-13T00:00:00Z,1d,STRICT,UNIQUE_TOP_CANDIDATE,4.0,2024-10-17T00:00:00Z,2,EXTENSION,1.618,EXTENSION_1.618,HIGH,2024-11-19T23:28:19Z,2024-11-19T00:00:00Z,7.8417,0.0,True
RENDER,2024-10-13T00:00:00Z,1d,STRICT,UNIQUE_TOP_CANDIDATE,4.0,2024-10-17T00:00:00Z,3,EXTENSION,2.618,EXTENSION_2.618,HIGH,2024-12-10T23:28:19Z,2024-12-10T00:00:00Z,8.6289,0.0,True
RENDER,2024-10-13T00:00:00Z,1d,NORMAL,UNIQUE_TOP_CANDIDATE,4.0,2024-10-17T00:00:00Z,1,EXTENSION,1.272,EXTENSION_1.272,HIGH,2024-11-12T17:05:16Z,2024-11-12T00:00:00Z,7.1086,0.0,True
RENDER,2024-10-13T00:00:00Z,1d,NORMAL,UNIQUE_TOP_CANDIDATE,4.0,2024-10-17T00:00:00Z,2,EXTENSION,1.618,EXTENSION_1.618,HIGH,2024-11-19T23:28:19Z,2024-11-19T00:00:00Z,7.8417,0.0,True
RENDER,2024-10-13T00:00:00Z,1d,NORMAL,UNIQUE_TOP_CANDIDATE,4.0,2024-10-17T00:00:00Z,3,EXTENSION,2.618,EXTENSION_2.618,HIGH,2024-12-10T23:28:19Z,2024-12-10T00:00:00Z,8.6289,0.0,True
RENDER,2024-10-13T00:00:00Z,1d,MAX,UNIQUE_TOP_CANDIDATE,4.0,2024-10-17T00:00:00Z,1,EXTENSION,1.272,EXTENSION_1.272,HIGH,2024-11-12T17:05:16Z,2024-11-12T00:00:00Z,7.1086,0.0,True
RENDER,2024-10-13T00:00:00Z,1d,MAX,UNIQUE_TOP_CANDIDATE,4.0,2024-10-17T00:00:00Z,2,EXTENSION,1.618,EXTENSION_1.618,HIGH,2024-11-19T23:28:19Z,2024-11-19T00:00:00Z,7.8417,0.0,True
RENDER,2024-10-13T00:00:00Z,1d,MAX,UNIQUE_TOP_CANDIDATE,4.0,2024-10-17T00:00:00Z,3,EXTENSION,2.618,EXTENSION_2.618,HIGH,2024-12-10T23:28:19Z,2024-12-10T00:00:00Z,8.6289,0.0,True
RENDER,2024-12-15T00:00:00Z,1d,NORMAL,UNIQUE_TOP_CANDIDATE,-3.0,2024-12-12T00:00:00Z,1,EXTENSION,1.272,EXTENSION_1.272,HIGH,2025-01-07T17:05:16Z,2025-01-07T00:00:00Z,8.5947,0.0,True
RENDER,2024-12-15T00:00:00Z,1d,NORMAL,UNIQUE_TOP_CANDIDATE,-3.0,2024-12-12T00:00:00Z,2,EXTENSION,1.618,EXTENSION_1.618,HIGH,2025-01-14T23:28:19Z,2025-01-14T00:00:00Z,7.0985,0.0,True
RENDER,2024-12-15T00:00:00Z,1d,NORMAL,UNIQUE_TOP_CANDIDATE,-3.0,2024-12-12T00:00:00Z,3,EXTENSION,2.618,EXTENSION_2.618,HIGH,2025-02-04T23:28:19Z,2025-02-04T00:00:00Z,4.9128,0.0,True
RENDER,2024-12-15T00:00:00Z,1d,MAX,UNIQUE_TOP_CANDIDATE,-3.0,2024-12-12T00:00:00Z,1,EXTENSION,1.272,EXTENSION_1.272,HIGH,2025-01-07T17:05:16Z,2025-01-07T00:00:00Z,8.5947,0.0,True
RENDER,2024-12-15T00:00:00Z,1d,MAX,UNIQUE_TOP_CANDIDATE,-3.0,2024-12-12T00:00:00Z,2,EXTENSION,1.618,EXTENSION_1.618,HIGH,2025-01-14T23:28:19Z,2025-01-14T00:00:00Z,7.0985,0.0,True
RENDER,2024-12-15T00:00:00Z,1d,MAX,UNIQUE_TOP_CANDIDATE,-3.0,2024-12-12T00:00:00Z,3,EXTENSION,2.618,EXTENSION_2.618,HIGH,2025-02-04T23:28:19Z,2025-02-04T00:00:00Z,4.9128,0.0,True
RENDER,2025-01-05T00:00:00Z,1d,MAX,UNIQUE_TOP_CANDIDATE,-6.0,2024-12-30T00:00:00Z,1,EXTENSION,1.272,EXTENSION_1.272,HIGH,2025-01-25T17:05:16Z,2025-01-25T00:00:00Z,6.72,0.0,True
RENDER,2025-01-05T00:00:00Z,1d,MAX,UNIQUE_TOP_CANDIDATE,-6.0,2024-12-30T00:00:00Z,2,EXTENSION,1.618,EXTENSION_1.618,HIGH,2025-02-01T23:28:19Z,2025-02-01T00:00:00Z,5.8099,0.0,True
RENDER,2025-01-05T00:00:00Z,1d,MAX,UNIQUE_TOP_CANDIDATE,-6.0,2024-12-30T00:00:00Z,3,EXTENSION,2.618,EXTENSION_2.618,HIGH,2025-02-22T23:28:19Z,2025-02-22T00:00:00Z,4.1911,0.0,True
RENDER,2025-01-26T00:00:00Z,1d,STRICT,UNIQUE_TOP_CANDIDATE,5.0,2025-01-31T00:00:00Z,1,EXTENSION,1.272,EXTENSION_1.272,HIGH,2025-02-26T17:05:16Z,2025-02-26T00:00:00Z,3.6842,0.0,True
RENDER,2025-01-26T00:00:00Z,1d,STRICT,UNIQUE_TOP_CANDIDATE,5.0,2025-01-31T00:00:00Z,2,EXTENSION,1.618,EXTENSION_1.618,HIGH,2025-03-05T23:28:19Z,2025-03-05T00:00:00Z,3.55,0.0,True
RENDER,2025-01-26T00:00:00Z,1d,STRICT,UNIQUE_TOP_CANDIDATE,5.0,2025-01-31T00:00:00Z,3,EXTENSION,2.618,EXTENSION_2.618,HIGH,2025-03-26T23:28:19Z,2025-03-26T00:00:00Z,3.9021,0.0,True
RENDER,2025-01-26T00:00:00Z,1d,NORMAL,UNIQUE_TOP_CANDIDATE,5.0,2025-01-31T00:00:00Z,1,EXTENSION,1.272,EXTENSION_1.272,HIGH,2025-02-26T17:05:16Z,2025-02-26T00:00:00Z,3.6842,0.0,True
RENDER,2025-01-26T00:00:00Z,1d,NORMAL,UNIQUE_TOP_CANDIDATE,5.0,2025-01-31T00:00:00Z,2,EXTENSION,1.618,EXTENSION_1.618,HIGH,2025-03-05T23:28:19Z,2025-03-05T00:00:00Z,3.55,0.0,True
RENDER,2025-01-26T00:00:00Z,1d,NORMAL,UNIQUE_TOP_CANDIDATE,5.0,2025-01-31T00:00:00Z,3,EXTENSION,2.618,EXTENSION_2.618,HIGH,2025-03-26T23:28:19Z,2025-03-26T00:00:00Z,3.9021,0.0,True
RENDER,2025-01-26T00:00:00Z,1d,MAX,UNIQUE_TOP_CANDIDATE,5.0,2025-01-31T00:00:00Z,1,EXTENSION,1.272,EXTENSION_1.272,HIGH,2025-02-26T17:05:16Z,2025-02-26T00:00:00Z,3.6842,0.0,True
RENDER,2025-01-26T00:00:00Z,1d,MAX,UNIQUE_TOP_CANDIDATE,5.0,2025-01-31T00:00:00Z,2,EXTENSION,1.618,EXTENSION_1.618,HIGH,2025-03-05T23:28:19Z,2025-03-05T00:00:00Z,3.55,0.0,True
RENDER,2025-01-26T00:00:00Z,1d,MAX,UNIQUE_TOP_CANDIDATE,5.0,2025-01-31T00:00:00Z,3,EXTENSION,2.618,EXTENSION_2.618,HIGH,2025-03-26T23:28:19Z,2025-03-26T00:00:00Z,3.9021,0.0,True
RENDER,2025-02-16T00:00:00Z,1d,STRICT,UNIQUE_TOP_CANDIDATE,-6.0,2025-02-10T00:00:00Z,1,EXTENSION,1.272,EXTENSION_1.272,HIGH,2025-03-08T17:05:16Z,2025-03-08T00:00:00Z,3.3343,0.0,True
RENDER,2025-02-16T00:00:00Z,1d,STRICT,UNIQUE_TOP_CANDIDATE,-6.0,2025-02-10T00:00:00Z,2,EXTENSION,1.618,EXTENSION_1.618,HIGH,2025-03-15T23:28:19Z,2025-03-15T00:00:00Z,3.07,0.0,True
RENDER,2025-02-16T00:00:00Z,1d,STRICT,UNIQUE_TOP_CANDIDATE,-6.0,2025-02-10T00:00:00Z,3,EXTENSION,2.618,EXTENSION_2.618,HIGH,2025-04-05T23:28:19Z,2025-04-05T00:00:00Z,2.9686,0.0,True
RENDER,2025-02-16T00:00:00Z,1d,NORMAL,UNIQUE_TOP_CANDIDATE,-6.0,2025-02-10T00:00:00Z,1,EXTENSION,1.272,EXTENSION_1.272,HIGH,2025-03-08T17:05:16Z,2025-03-08T00:00:00Z,3.3343,0.0,True
RENDER,2025-02-16T00:00:00Z,1d,NORMAL,UNIQUE_TOP_CANDIDATE,-6.0,2025-02-10T00:00:00Z,2,EXTENSION,1.618,EXTENSION_1.618,HIGH,2025-03-15T23:28:19Z,2025-03-15T00:00:00Z,3.07,0.0,True
RENDER,2025-02-16T00:00:00Z,1d,NORMAL,UNIQUE_TOP_CANDIDATE,-6.0,2025-02-10T00:00:00Z,3,EXTENSION,2.618,EXTENSION_2.618,HIGH,2025-04-05T23:28:19Z,2025-04-05T00:00:00Z,2.9686,0.0,True
RENDER,2025-02-16T00:00:00Z,1d,MAX,UNIQUE_TOP_CANDIDATE,-7.0,2025-02-09T00:00:00Z,1,EXTENSION,1.272,EXTENSION_1.272,HIGH,2025-03-07T17:05:16Z,2025-03-07T00:00:00Z,3.55,0.0,True
RENDER,2025-02-16T00:00:00Z,1d,MAX,UNIQUE_TOP_CANDIDATE,-7.0,2025-02-09T00:00:00Z,2,EXTENSION,1.618,EXTENSION_1.618,HIGH,2025-03-14T23:28:19Z,2025-03-14T00:00:00Z,2.9685,0.0,True
RENDER,2025-02-16T00:00:00Z,1d,MAX,UNIQUE_TOP_CANDIDATE,-7.0,2025-02-09T00:00:00Z,3,EXTENSION,2.618,EXTENSION_2.618,HIGH,2025-04-04T23:28:19Z,2025-04-04T00:00:00Z,3.0286,0.0,True
RENDER,2025-03-09T00:00:00Z,1d,STRICT,UNIQUE_TOP_CANDIDATE,-5.0,2025-03-04T00:00:00Z,1,EXTENSION,1.272,EXTENSION_1.272,HIGH,2025-03-30T17:05:16Z,2025-03-30T00:00:00Z,3.3347,0.0,True
RENDER,2025-03-09T00:00:00Z,1d,STRICT,UNIQUE_TOP_CANDIDATE,-5.0,2025-03-04T00:00:00Z,2,EXTENSION,1.618,EXTENSION_1.618,HIGH,2025-04-06T23:28:19Z,2025-04-06T00:00:00Z,2.8993,0.0,True
RENDER,2025-03-09T00:00:00Z,1d,STRICT,UNIQUE_TOP_CANDIDATE,-5.0,2025-03-04T00:00:00Z,3,EXTENSION,2.618,EXTENSION_2.618,HIGH,2025-04-27T23:28:19Z,2025-04-27T00:00:00Z,3.9933,0.0,True
RENDER,2025-03-09T00:00:00Z,1d,NORMAL,UNIQUE_TOP_CANDIDATE,-5.0,2025-03-04T00:00:00Z,1,EXTENSION,1.272,EXTENSION_1.272,HIGH,2025-03-30T17:05:16Z,2025-03-30T00:00:00Z,3.3347,0.0,True
RENDER,2025-03-09T00:00:00Z,1d,NORMAL,UNIQUE_TOP_CANDIDATE,-5.0,2025-03-04T00:00:00Z,2,EXTENSION,1.618,EXTENSION_1.618,HIGH,2025-04-06T23:28:19Z,2025-04-06T00:00:00Z,2.8993,0.0,True
RENDER,2025-03-09T00:00:00Z,1d,NORMAL,UNIQUE_TOP_CANDIDATE,-5.0,2025-03-04T00:00:00Z,3,EXTENSION,2.618,EXTENSION_2.618,HIGH,2025-04-27T23:28:19Z,2025-04-27T00:00:00Z,3.9933,0.0,True
RENDER,2025-03-09T00:00:00Z,1d,MAX,UNIQUE_TOP_CANDIDATE,-5.0,2025-03-04T00:00:00Z,1,EXTENSION,1.272,EXTENSION_1.272,HIGH,2025-03-30T17:05:16Z,2025-03-30T00:00:00Z,3.3347,0.0,True
RENDER,2025-03-09T00:00:00Z,1d,MAX,UNIQUE_TOP_CANDIDATE,-5.0,2025-03-04T00:00:00Z,2,EXTENSION,1.618,EXTENSION_1.618,HIGH,2025-04-06T23:28:19Z,2025-04-06T00:00:00Z,2.8993,0.0,True
RENDER,2025-03-09T00:00:00Z,1d,MAX,UNIQUE_TOP_CANDIDATE,-5.0,2025-03-04T00:00:00Z,3,EXTENSION,2.618,EXTENSION_2.618,HIGH,2025-04-27T23:28:19Z,2025-04-27T00:00:00Z,3.9933,0.0,True
RENDER,2025-03-30T00:00:00Z,1d,STRICT,UNIQUE_TOP_CANDIDATE,5.0,2025-04-04T00:00:00Z,1,EXTENSION,1.272,EXTENSION_1.272,HIGH,2025-04-30T17:05:16Z,2025-04-30T00:00:00Z,4.0112,0.0,True
RENDER,2025-03-30T00:00:00Z,1d,STRICT,UNIQUE_TOP_CANDIDATE,5.0,2025-04-04T00:00:00Z,2,EXTENSION,1.618,EXTENSION_1.618,HIGH,2025-05-07T23:28:19Z,2025-05-07T00:00:00Z,3.91,0.0,True
RENDER,2025-03-30T00:00:00Z,1d,STRICT,UNIQUE_TOP_CANDIDATE,5.0,2025-04-04T00:00:00Z,3,EXTENSION,2.618,EXTENSION_2.618,HIGH,2025-05-28T23:28:19Z,2025-05-28T00:00:00Z,4.0309,0.0,True
RENDER,2025-03-30T00:00:00Z,1d,NORMAL,UNIQUE_TOP_CANDIDATE,5.0,2025-04-04T00:00:00Z,1,EXTENSION,1.272,EXTENSION_1.272,HIGH,2025-04-30T17:05:16Z,2025-04-30T00:00:00Z,4.0112,0.0,True
RENDER,2025-03-30T00:00:00Z,1d,NORMAL,UNIQUE_TOP_CANDIDATE,5.0,2025-04-04T00:00:00Z,2,EXTENSION,1.618,EXTENSION_1.618,HIGH,2025-05-07T23:28:19Z,2025-05-07T00:00:00Z,3.91,0.0,True
RENDER,2025-03-30T00:00:00Z,1d,NORMAL,UNIQUE_TOP_CANDIDATE,5.0,2025-04-04T00:00:00Z,3,EXTENSION,2.618,EXTENSION_2.618,HIGH,2025-05-28T23:28:19Z,2025-05-28T00:00:00Z,4.0309,0.0,True
RENDER,2025-03-30T00:00:00Z,1d,MAX,UNIQUE_TOP_CANDIDATE,5.0,2025-04-04T00:00:00Z,1,EXTENSION,1.272,EXTENSION_1.272,HIGH,2025-04-30T17:05:16Z,2025-04-30T00:00:00Z,4.0112,0.0,True
RENDER,2025-03-30T00:00:00Z,1d,MAX,UNIQUE_TOP_CANDIDATE,5.0,2025-04-04T00:00:00Z,2,EXTENSION,1.618,EXTENSION_1.618,HIGH,2025-05-07T23:28:19Z,2025-05-07T00:00:00Z,3.91,0.0,True
RENDER,2025-03-30T00:00:00Z,1d,MAX,UNIQUE_TOP_CANDIDATE,5.0,2025-04-04T00:00:00Z,3,EXTENSION,2.618,EXTENSION_2.618,HIGH,2025-05-28T23:28:19Z,2025-05-28T00:00:00Z,4.0309,0.0,True
RENDER,2025-05-11T00:00:00Z,1d,STRICT,UNIQUE_TOP_CANDIDATE,-10.5,2025-04-30T12:00:00Z,1,EXTENSION,1.272,EXTENSION_1.272,HIGH,2025-05-27T05:05:16Z,2025-05-27T00:00:00Z,4.3298,0.0,True
RENDER,2025-05-11T00:00:00Z,1d,STRICT,UNIQUE_TOP_CANDIDATE,-10.5,2025-04-30T12:00:00Z,2,EXTENSION,1.618,EXTENSION_1.618,HIGH,2025-06-03T11:28:19Z,2025-06-03T00:00:00Z,3.6506,0.0,True
RENDER,2025-05-11T00:00:00Z,1d,STRICT,UNIQUE_TOP_CANDIDATE,-10.5,2025-04-30T12:00:00Z,3,EXTENSION,2.618,EXTENSION_2.618,HIGH,2025-06-24T11:28:19Z,2025-06-24T00:00:00Z,2.8892,0.0,True
RENDER,2025-05-11T00:00:00Z,1d,NORMAL,UNIQUE_TOP_CANDIDATE,-10.5,2025-04-30T12:00:00Z,1,EXTENSION,1.272,EXTENSION_1.272,HIGH,2025-05-27T05:05:16Z,2025-05-27T00:00:00Z,4.3298,0.0,True
RENDER,2025-05-11T00:00:00Z,1d,NORMAL,UNIQUE_TOP_CANDIDATE,-10.5,2025-04-30T12:00:00Z,2,EXTENSION,1.618,EXTENSION_1.618,HIGH,2025-06-03T11:28:19Z,2025-06-03T00:00:00Z,3.6506,0.0,True
RENDER,2025-05-11T00:00:00Z,1d,NORMAL,UNIQUE_TOP_CANDIDATE,-10.5,2025-04-30T12:00:00Z,3,EXTENSION,2.618,EXTENSION_2.618,HIGH,2025-06-24T11:28:19Z,2025-06-24T00:00:00Z,2.8892,0.0,True
RENDER,2025-05-11T00:00:00Z,1d,MAX,UNIQUE_TOP_CANDIDATE,10.0,2025-05-21T00:00:00Z,1,EXTENSION,1.272,EXTENSION_1.272,HIGH,2025-06-16T17:05:16Z,2025-06-16T00:00:00Z,3.1259,0.0,True
RENDER,2025-05-11T00:00:00Z,1d,MAX,UNIQUE_TOP_CANDIDATE,10.0,2025-05-21T00:00:00Z,2,EXTENSION,1.618,EXTENSION_1.618,HIGH,2025-06-23T23:28:19Z,2025-06-23T00:00:00Z,2.7796,0.0,True
RENDER,2025-05-11T00:00:00Z,1d,MAX,UNIQUE_TOP_CANDIDATE,10.0,2025-05-21T00:00:00Z,3,EXTENSION,2.618,EXTENSION_2.618,HIGH,2025-07-14T23:28:19Z,2025-07-14T00:00:00Z,3.3613,0.0,True
RENDER,2025-06-01T00:00:00Z,1d,STRICT,UNIQUE_TOP_CANDIDATE,-10.5,2025-05-21T12:00:00Z,1,EXTENSION,1.272,EXTENSION_1.272,HIGH,2025-06-17T05:05:16Z,2025-06-17T00:00:00Z,3.0065,0.0,True
RENDER,2025-06-01T00:00:00Z,1d,STRICT,UNIQUE_TOP_CANDIDATE,-10.5,2025-05-21T12:00:00Z,2,EXTENSION,1.618,EXTENSION_1.618,HIGH,2025-06-24T11:28:19Z,2025-06-24T00:00:00Z,2.8892,0.0,True
RENDER,2025-06-01T00:00:00Z,1d,STRICT,UNIQUE_TOP_CANDIDATE,-10.5,2025-05-21T12:00:00Z,3,EXTENSION,2.618,EXTENSION_2.618,HIGH,2025-07-15T11:28:19Z,2025-07-15T00:00:00Z,3.3786,0.0,True
RENDER,2025-06-01T00:00:00Z,1d,NORMAL,UNIQUE_TOP_CANDIDATE,-10.5,2025-05-21T12:00:00Z,1,EXTENSION,1.272,EXTENSION_1.272,HIGH,2025-06-17T05:05:16Z,2025-06-17T00:00:00Z,3.0065,0.0,True
RENDER,2025-06-01T00:00:00Z,1d,NORMAL,UNIQUE_TOP_CANDIDATE,-10.5,2025-05-21T12:00:00Z,2,EXTENSION,1.618,EXTENSION_1.618,HIGH,2025-06-24T11:28:19Z,2025-06-24T00:00:00Z,2.8892,0.0,True
RENDER,2025-06-01T00:00:00Z,1d,NORMAL,UNIQUE_TOP_CANDIDATE,-10.5,2025-05-21T12:00:00Z,3,EXTENSION,2.618,EXTENSION_2.618,HIGH,2025-07-15T11:28:19Z,2025-07-15T00:00:00Z,3.3786,0.0,True
RENDER,2025-06-01T00:00:00Z,1d,MAX,UNIQUE_TOP_CANDIDATE,-10.5,2025-05-21T12:00:00Z,1,EXTENSION,1.272,EXTENSION_1.272,HIGH,2025-06-17T05:05:16Z,2025-06-17T00:00:00Z,3.0065,0.0,True
RENDER,2025-06-01T00:00:00Z,1d,MAX,UNIQUE_TOP_CANDIDATE,-10.5,2025-05-21T12:00:00Z,2,EXTENSION,1.618,EXTENSION_1.618,HIGH,2025-06-24T11:28:19Z,2025-06-24T00:00:00Z,2.8892,0.0,True
RENDER,2025-06-01T00:00:00Z,1d,MAX,UNIQUE_TOP_CANDIDATE,-10.5,2025-05-21T12:00:00Z,3,EXTENSION,2.618,EXTENSION_2.618,HIGH,2025-07-15T11:28:19Z,2025-07-15T00:00:00Z,3.3786,0.0,True
RENDER,2025-07-13T00:00:00Z,1d,STRICT,UNIQUE_TOP_CANDIDATE,-5.0,2025-07-08T00:00:00Z,1,EXTENSION,1.272,EXTENSION_1.272,HIGH,2025-08-03T17:05:16Z,2025-08-03T00:00:00Z,3.1144,0.0,True
RENDER,2025-07-13T00:00:00Z,1d,STRICT,UNIQUE_TOP_CANDIDATE,-5.0,2025-07-08T00:00:00Z,2,EXTENSION,1.618,EXTENSION_1.618,HIGH,2025-08-10T23:28:19Z,2025-08-10T00:00:00Z,3.4687,0.0,True
RENDER,2025-07-13T00:00:00Z,1d,STRICT,UNIQUE_TOP_CANDIDATE,-5.0,2025-07-08T00:00:00Z,3,EXTENSION,2.618,EXTENSION_2.618,HIGH,2025-08-31T23:28:19Z,2025-08-31T00:00:00Z,3.0291,0.0,True
RENDER,2025-07-13T00:00:00Z,1d,NORMAL,UNIQUE_TOP_CANDIDATE,-5.0,2025-07-08T00:00:00Z,1,EXTENSION,1.272,EXTENSION_1.272,HIGH,2025-08-03T17:05:16Z,2025-08-03T00:00:00Z,3.1144,0.0,True
RENDER,2025-07-13T00:00:00Z,1d,NORMAL,UNIQUE_TOP_CANDIDATE,-5.0,2025-07-08T00:00:00Z,2,EXTENSION,1.618,EXTENSION_1.618,HIGH,2025-08-10T23:28:19Z,2025-08-10T00:00:00Z,3.4687,0.0,True
RENDER,2025-07-13T00:00:00Z,1d,NORMAL,UNIQUE_TOP_CANDIDATE,-5.0,2025-07-08T00:00:00Z,3,EXTENSION,2.618,EXTENSION_2.618,HIGH,2025-08-31T23:28:19Z,2025-08-31T00:00:00Z,3.0291,0.0,True
RENDER,2025-07-13T00:00:00Z,1d,MAX,UNIQUE_TOP_CANDIDATE,-5.0,2025-07-08T00:00:00Z,1,EXTENSION,1.272,EXTENSION_1.272,HIGH,2025-08-03T17:05:16Z,2025-08-03T00:00:00Z,3.1144,0.0,True
RENDER,2025-07-13T00:00:00Z,1d,MAX,UNIQUE_TOP_CANDIDATE,-5.0,2025-07-08T00:00:00Z,2,EXTENSION,1.618,EXTENSION_1.618,HIGH,2025-08-10T23:28:19Z,2025-08-10T00:00:00Z,3.4687,0.0,True
RENDER,2025-07-13T00:00:00Z,1d,MAX,UNIQUE_TOP_CANDIDATE,-5.0,2025-07-08T00:00:00Z,3,EXTENSION,2.618,EXTENSION_2.618,HIGH,2025-08-31T23:28:19Z,2025-08-31T00:00:00Z,3.0291,0.0,True
RENDER,2025-09-14T00:00:00Z,1d,STRICT,UNIQUE_TOP_CANDIDATE,3.0,2025-09-17T00:00:00Z,1,EXTENSION,1.272,EXTENSION_1.272,HIGH,2025-10-13T17:05:16Z,2025-10-13T00:00:00Z,2.6753,0.0,True
RENDER,2025-09-14T00:00:00Z,1d,STRICT,UNIQUE_TOP_CANDIDATE,3.0,2025-09-17T00:00:00Z,2,EXTENSION,1.618,EXTENSION_1.618,HIGH,2025-10-20T23:28:19Z,2025-10-20T00:00:00Z,2.3145,0.0,True
RENDER,2025-09-14T00:00:00Z,1d,STRICT,UNIQUE_TOP_CANDIDATE,3.0,2025-09-17T00:00:00Z,3,EXTENSION,2.618,EXTENSION_2.618,HIGH,2025-11-10T23:28:19Z,2025-11-10T00:00:00Z,2.3917,0.0,True
RENDER,2025-09-14T00:00:00Z,1d,NORMAL,UNIQUE_TOP_CANDIDATE,3.0,2025-09-17T00:00:00Z,1,EXTENSION,1.272,EXTENSION_1.272,HIGH,2025-10-13T17:05:16Z,2025-10-13T00:00:00Z,2.6753,0.0,True
RENDER,2025-09-14T00:00:00Z,1d,NORMAL,UNIQUE_TOP_CANDIDATE,3.0,2025-09-17T00:00:00Z,2,EXTENSION,1.618,EXTENSION_1.618,HIGH,2025-10-20T23:28:19Z,2025-10-20T00:00:00Z,2.3145,0.0,True
RENDER,2025-09-14T00:00:00Z,1d,NORMAL,UNIQUE_TOP_CANDIDATE,3.0,2025-09-17T00:00:00Z,3,EXTENSION,2.618,EXTENSION_2.618,HIGH,2025-11-10T23:28:19Z,2025-11-10T00:00:00Z,2.3917,0.0,True
RENDER,2025-09-14T00:00:00Z,1d,MAX,UNIQUE_TOP_CANDIDATE,3.0,2025-09-17T00:00:00Z,1,EXTENSION,1.272,EXTENSION_1.272,HIGH,2025-10-13T17:05:16Z,2025-10-13T00:00:00Z,2.6753,0.0,True
RENDER,2025-09-14T00:00:00Z,1d,MAX,UNIQUE_TOP_CANDIDATE,3.0,2025-09-17T00:00:00Z,2,EXTENSION,1.618,EXTENSION_1.618,HIGH,2025-10-20T23:28:19Z,2025-10-20T00:00:00Z,2.3145,0.0,True
RENDER,2025-09-14T00:00:00Z,1d,MAX,UNIQUE_TOP_CANDIDATE,3.0,2025-09-17T00:00:00Z,3,EXTENSION,2.618,EXTENSION_2.618,HIGH,2025-11-10T23:28:19Z,2025-11-10T00:00:00Z,2.3917,0.0,True
RENDER,2025-10-05T00:00:00Z,1d,STRICT,UNIQUE_TOP_CANDIDATE,3.0,2025-10-08T00:00:00Z,1,EXTENSION,1.272,EXTENSION_1.272,HIGH,2025-11-03T17:05:16Z,2025-11-03T00:00:00Z,1.9884,0.0,True
RENDER,2025-10-05T00:00:00Z,1d,STRICT,UNIQUE_TOP_CANDIDATE,3.0,2025-10-08T00:00:00Z,2,EXTENSION,1.618,EXTENSION_1.618,HIGH,2025-11-10T23:28:19Z,2025-11-10T00:00:00Z,2.3917,0.0,True
RENDER,2025-10-05T00:00:00Z,1d,STRICT,UNIQUE_TOP_CANDIDATE,3.0,2025-10-08T00:00:00Z,3,EXTENSION,2.618,EXTENSION_2.618,HIGH,2025-12-01T23:28:19Z,2025-12-01T00:00:00Z,1.4826,0.0,True
RENDER,2025-10-05T00:00:00Z,1d,NORMAL,UNIQUE_TOP_CANDIDATE,-2.0,2025-10-03T00:00:00Z,1,EXTENSION,1.272,EXTENSION_1.272,HIGH,2025-10-29T17:05:16Z,2025-10-29T00:00:00Z,2.1468,0.0,True
RENDER,2025-10-05T00:00:00Z,1d,NORMAL,UNIQUE_TOP_CANDIDATE,-2.0,2025-10-03T00:00:00Z,2,EXTENSION,1.618,EXTENSION_1.618,HIGH,2025-11-05T23:28:19Z,2025-11-05T00:00:00Z,1.7669,0.0,True
RENDER,2025-10-05T00:00:00Z,1d,NORMAL,UNIQUE_TOP_CANDIDATE,-2.0,2025-10-03T00:00:00Z,3,EXTENSION,2.618,EXTENSION_2.618,HIGH,2025-11-26T23:28:19Z,2025-11-26T00:00:00Z,1.5925,0.0,True
RENDER,2025-10-05T00:00:00Z,1d,MAX,UNIQUE_TOP_CANDIDATE,-2.0,2025-10-03T00:00:00Z,1,EXTENSION,1.272,EXTENSION_1.272,HIGH,2025-10-29T17:05:16Z,2025-10-29T00:00:00Z,2.1468,0.0,True
RENDER,2025-10-05T00:00:00Z,1d,MAX,UNIQUE_TOP_CANDIDATE,-2.0,2025-10-03T00:00:00Z,2,EXTENSION,1.618,EXTENSION_1.618,HIGH,2025-11-05T23:28:19Z,2025-11-05T00:00:00Z,1.7669,0.0,True
RENDER,2025-10-05T00:00:00Z,1d,MAX,UNIQUE_TOP_CANDIDATE,-2.0,2025-10-03T00:00:00Z,3,EXTENSION,2.618,EXTENSION_2.618,HIGH,2025-11-26T23:28:19Z,2025-11-26T00:00:00Z,1.5925,0.0,True
RENDER,2025-10-26T00:00:00Z,1d,MAX,UNIQUE_TOP_CANDIDATE,-4.0,2025-10-22T00:00:00Z,1,EXTENSION,1.272,EXTENSION_1.272,HIGH,2025-11-17T17:05:16Z,2025-11-17T00:00:00Z,1.7988,0.0,True
RENDER,2025-10-26T00:00:00Z,1d,MAX,UNIQUE_TOP_CANDIDATE,-4.0,2025-10-22T00:00:00Z,2,EXTENSION,1.618,EXTENSION_1.618,HIGH,2025-11-24T23:28:19Z,2025-11-24T00:00:00Z,1.6134,0.0,True
RENDER,2025-10-26T00:00:00Z,1d,MAX,UNIQUE_TOP_CANDIDATE,-4.0,2025-10-22T00:00:00Z,3,EXTENSION,2.618,EXTENSION_2.618,HIGH,2025-12-15T23:28:19Z,2025-12-15T00:00:00Z,1.3009,0.0,True
RENDER,2025-11-16T00:00:00Z,1d,MAX,UNIQUE_TOP_CANDIDATE,1.0,2025-11-17T00:00:00Z,1,EXTENSION,1.272,EXTENSION_1.272,HIGH,2025-12-13T17:05:16Z,2025-12-13T00:00:00Z,1.3386,0.0,True
RENDER,2025-11-16T00:00:00Z,1d,MAX,UNIQUE_TOP_CANDIDATE,1.0,2025-11-17T00:00:00Z,2,EXTENSION,1.618,EXTENSION_1.618,HIGH,2025-12-20T23:28:19Z,2025-12-20T00:00:00Z,1.1212,0.0,True
RENDER,2025-11-16T00:00:00Z,1d,MAX,UNIQUE_TOP_CANDIDATE,1.0,2025-11-17T00:00:00Z,3,EXTENSION,2.618,EXTENSION_2.618,HIGH,2026-01-10T23:28:19Z,2026-01-10T00:00:00Z,2.0406,0.0,True
RENDER,2025-12-07T00:00:00Z,1d,STRICT,UNIQUE_TOP_CANDIDATE,10.0,2025-12-17T00:00:00Z,1,EXTENSION,1.272,EXTENSION_1.272,HIGH,2026-01-12T17:05:16Z,2026-01-12T00:00:00Z,2.2744,0.0,True
RENDER,2025-12-07T00:00:00Z,1d,STRICT,UNIQUE_TOP_CANDIDATE,10.0,2025-12-17T00:00:00Z,2,EXTENSION,1.618,EXTENSION_1.618,HIGH,2026-01-19T23:28:19Z,2026-01-19T00:00:00Z,1.8499,0.0,True
RENDER,2025-12-07T00:00:00Z,1d,STRICT,UNIQUE_TOP_CANDIDATE,10.0,2025-12-17T00:00:00Z,3,EXTENSION,2.618,EXTENSION_2.618,HIGH,2026-02-09T23:28:19Z,2026-02-09T00:00:00Z,1.1698,0.0,True
RENDER,2025-12-07T00:00:00Z,1d,NORMAL,UNIQUE_TOP_CANDIDATE,10.0,2025-12-17T00:00:00Z,1,EXTENSION,1.272,EXTENSION_1.272,HIGH,2026-01-12T17:05:16Z,2026-01-12T00:00:00Z,2.2744,0.0,True
RENDER,2025-12-07T00:00:00Z,1d,NORMAL,UNIQUE_TOP_CANDIDATE,10.0,2025-12-17T00:00:00Z,2,EXTENSION,1.618,EXTENSION_1.618,HIGH,2026-01-19T23:28:19Z,2026-01-19T00:00:00Z,1.8499,0.0,True
RENDER,2025-12-07T00:00:00Z,1d,NORMAL,UNIQUE_TOP_CANDIDATE,10.0,2025-12-17T00:00:00Z,3,EXTENSION,2.618,EXTENSION_2.618,HIGH,2026-02-09T23:28:19Z,2026-02-09T00:00:00Z,1.1698,0.0,True
RENDER,2025-12-07T00:00:00Z,1d,MAX,UNIQUE_TOP_CANDIDATE,10.0,2025-12-17T00:00:00Z,1,EXTENSION,1.272,EXTENSION_1.272,HIGH,2026-01-12T17:05:16Z,2026-01-12T00:00:00Z,2.2744,0.0,True
RENDER,2025-12-07T00:00:00Z,1d,MAX,UNIQUE_TOP_CANDIDATE,10.0,2025-12-17T00:00:00Z,2,EXTENSION,1.618,EXTENSION_1.618,HIGH,2026-01-19T23:28:19Z,2026-01-19T00:00:00Z,1.8499,0.0,True
RENDER,2025-12-07T00:00:00Z,1d,MAX,UNIQUE_TOP_CANDIDATE,10.0,2025-12-17T00:00:00Z,3,EXTENSION,2.618,EXTENSION_2.618,HIGH,2026-02-09T23:28:19Z,2026-02-09T00:00:00Z,1.1698,0.0,True
RENDER,2026-01-18T00:00:00Z,1d,STRICT,UNIQUE_TOP_CANDIDATE,10.0,2026-01-28T00:00:00Z,1,EXTENSION,1.272,EXTENSION_1.272,HIGH,2026-02-23T17:05:16Z,2026-02-23T00:00:00Z,1.2135,0.0,True
RENDER,2026-01-18T00:00:00Z,1d,STRICT,UNIQUE_TOP_CANDIDATE,10.0,2026-01-28T00:00:00Z,2,EXTENSION,1.618,EXTENSION_1.618,HIGH,2026-03-02T23:28:19Z,2026-03-02T00:00:00Z,1.23,0.0,True
RENDER,2026-01-18T00:00:00Z,1d,STRICT,UNIQUE_TOP_CANDIDATE,10.0,2026-01-28T00:00:00Z,3,EXTENSION,2.618,EXTENSION_2.618,HIGH,2026-03-23T23:28:19Z,2026-03-23T00:00:00Z,1.4738,0.0,True
RENDER,2026-01-18T00:00:00Z,1d,NORMAL,UNIQUE_TOP_CANDIDATE,10.0,2026-01-28T00:00:00Z,1,EXTENSION,1.272,EXTENSION_1.272,HIGH,2026-02-23T17:05:16Z,2026-02-23T00:00:00Z,1.2135,0.0,True
RENDER,2026-01-18T00:00:00Z,1d,NORMAL,UNIQUE_TOP_CANDIDATE,10.0,2026-01-28T00:00:00Z,2,EXTENSION,1.618,EXTENSION_1.618,HIGH,2026-03-02T23:28:19Z,2026-03-02T00:00:00Z,1.23,0.0,True
RENDER,2026-01-18T00:00:00Z,1d,NORMAL,UNIQUE_TOP_CANDIDATE,10.0,2026-01-28T00:00:00Z,3,EXTENSION,2.618,EXTENSION_2.618,HIGH,2026-03-23T23:28:19Z,2026-03-23T00:00:00Z,1.4738,0.0,True
RENDER,2026-01-18T00:00:00Z,1d,MAX,UNIQUE_TOP_CANDIDATE,10.0,2026-01-28T00:00:00Z,1,EXTENSION,1.272,EXTENSION_1.272,HIGH,2026-02-23T17:05:16Z,2026-02-23T00:00:00Z,1.2135,0.0,True
RENDER,2026-01-18T00:00:00Z,1d,MAX,UNIQUE_TOP_CANDIDATE,10.0,2026-01-28T00:00:00Z,2,EXTENSION,1.618,EXTENSION_1.618,HIGH,2026-03-02T23:28:19Z,2026-03-02T00:00:00Z,1.23,0.0,True
RENDER,2026-01-18T00:00:00Z,1d,MAX,UNIQUE_TOP_CANDIDATE,10.0,2026-01-28T00:00:00Z,3,EXTENSION,2.618,EXTENSION_2.618,HIGH,2026-03-23T23:28:19Z,2026-03-23T00:00:00Z,1.4738,0.0,True
RENDER,2026-02-08T00:00:00Z,1d,STRICT,UNIQUE_TOP_CANDIDATE,-3.0,2026-02-05T00:00:00Z,1,EXTENSION,1.272,EXTENSION_1.272,HIGH,2026-03-03T17:05:16Z,2026-03-03T00:00:00Z,1.1831,0.0,True
RENDER,2026-02-08T00:00:00Z,1d,STRICT,UNIQUE_TOP_CANDIDATE,-3.0,2026-02-05T00:00:00Z,2,EXTENSION,1.618,EXTENSION_1.618,HIGH,2026-03-10T23:28:19Z,2026-03-10T00:00:00Z,1.367,0.0,True
RENDER,2026-02-08T00:00:00Z,1d,STRICT,UNIQUE_TOP_CANDIDATE,-3.0,2026-02-05T00:00:00Z,3,EXTENSION,2.618,EXTENSION_2.618,HIGH,2026-03-31T23:28:19Z,2026-03-31T00:00:00Z,1.51,0.0,True
RENDER,2026-02-08T00:00:00Z,1d,NORMAL,UNIQUE_TOP_CANDIDATE,-3.0,2026-02-05T00:00:00Z,1,EXTENSION,1.272,EXTENSION_1.272,HIGH,2026-03-03T17:05:16Z,2026-03-03T00:00:00Z,1.1831,0.0,True
RENDER,2026-02-08T00:00:00Z,1d,NORMAL,UNIQUE_TOP_CANDIDATE,-3.0,2026-02-05T00:00:00Z,2,EXTENSION,1.618,EXTENSION_1.618,HIGH,2026-03-10T23:28:19Z,2026-03-10T00:00:00Z,1.367,0.0,True
RENDER,2026-02-08T00:00:00Z,1d,NORMAL,UNIQUE_TOP_CANDIDATE,-3.0,2026-02-05T00:00:00Z,3,EXTENSION,2.618,EXTENSION_2.618,HIGH,2026-03-31T23:28:19Z,2026-03-31T00:00:00Z,1.51,0.0,True
RENDER,2026-02-08T00:00:00Z,1d,MAX,UNIQUE_TOP_CANDIDATE,-3.0,2026-02-05T00:00:00Z,1,EXTENSION,1.272,EXTENSION_1.272,HIGH,2026-03-03T17:05:16Z,2026-03-03T00:00:00Z,1.1831,0.0,True
RENDER,2026-02-08T00:00:00Z,1d,MAX,UNIQUE_TOP_CANDIDATE,-3.0,2026-02-05T00:00:00Z,2,EXTENSION,1.618,EXTENSION_1.618,HIGH,2026-03-10T23:28:19Z,2026-03-10T00:00:00Z,1.367,0.0,True
RENDER,2026-02-08T00:00:00Z,1d,MAX,UNIQUE_TOP_CANDIDATE,-3.0,2026-02-05T00:00:00Z,3,EXTENSION,2.618,EXTENSION_2.618,HIGH,2026-03-31T23:28:19Z,2026-03-31T00:00:00Z,1.51,0.0,True
RENDER,2026-04-12T00:00:00Z,1d,STRICT,UNIQUE_TOP_CANDIDATE,1.0,2026-04-13T00:00:00Z,1,EXTENSION,1.272,EXTENSION_1.272,HIGH,2026-05-09T17:05:16Z,2026-05-09T00:00:00Z,1.7661,0.0,True
RENDER,2026-04-12T00:00:00Z,1d,STRICT,UNIQUE_TOP_CANDIDATE,1.0,2026-04-13T00:00:00Z,2,EXTENSION,1.618,EXTENSION_1.618,HIGH,2026-05-16T23:28:19Z,2026-05-16T00:00:00Z,1.6527,0.0,True
RENDER,2026-04-12T00:00:00Z,1d,STRICT,UNIQUE_TOP_CANDIDATE,1.0,2026-04-13T00:00:00Z,3,EXTENSION,2.618,EXTENSION_2.618,HIGH,2026-06-06T23:28:19Z,2026-06-06T00:00:00Z,1.4754,0.0,True
RENDER,2026-04-12T00:00:00Z,1d,NORMAL,UNIQUE_TOP_CANDIDATE,1.0,2026-04-13T00:00:00Z,1,EXTENSION,1.272,EXTENSION_1.272,HIGH,2026-05-09T17:05:16Z,2026-05-09T00:00:00Z,1.7661,0.0,True
RENDER,2026-04-12T00:00:00Z,1d,NORMAL,UNIQUE_TOP_CANDIDATE,1.0,2026-04-13T00:00:00Z,2,EXTENSION,1.618,EXTENSION_1.618,HIGH,2026-05-16T23:28:19Z,2026-05-16T00:00:00Z,1.6527,0.0,True
RENDER,2026-04-12T00:00:00Z,1d,NORMAL,UNIQUE_TOP_CANDIDATE,1.0,2026-04-13T00:00:00Z,3,EXTENSION,2.618,EXTENSION_2.618,HIGH,2026-06-06T23:28:19Z,2026-06-06T00:00:00Z,1.4754,0.0,True
RENDER,2026-04-12T00:00:00Z,1d,MAX,UNIQUE_TOP_CANDIDATE,1.0,2026-04-13T00:00:00Z,1,EXTENSION,1.272,EXTENSION_1.272,HIGH,2026-05-09T17:05:16Z,2026-05-09T00:00:00Z,1.7661,0.0,True
RENDER,2026-04-12T00:00:00Z,1d,MAX,UNIQUE_TOP_CANDIDATE,1.0,2026-04-13T00:00:00Z,2,EXTENSION,1.618,EXTENSION_1.618,HIGH,2026-05-16T23:28:19Z,2026-05-16T00:00:00Z,1.6527,0.0,True
RENDER,2026-04-12T00:00:00Z,1d,MAX,UNIQUE_TOP_CANDIDATE,1.0,2026-04-13T00:00:00Z,3,EXTENSION,2.618,EXTENSION_2.618,HIGH,2026-06-06T23:28:19Z,2026-06-06T00:00:00Z,1.4754,0.0,True
RENDER,2026-05-03T00:00:00Z,1d,STRICT,UNIQUE_TOP_CANDIDATE,9.0,2026-05-12T00:00:00Z,1,EXTENSION,1.272,EXTENSION_1.272,HIGH,2026-06-07T17:05:16Z,2026-06-07T00:00:00Z,1.5003,0.0,True
RENDER,2026-05-03T00:00:00Z,1d,STRICT,UNIQUE_TOP_CANDIDATE,9.0,2026-05-12T00:00:00Z,2,EXTENSION,1.618,EXTENSION_1.618,HIGH,2026-06-14T23:28:19Z,2026-06-14T00:00:00Z,1.563,0.0,True
RENDER,2026-05-03T00:00:00Z,1d,STRICT,UNIQUE_TOP_CANDIDATE,9.0,2026-05-12T00:00:00Z,3,EXTENSION,2.618,EXTENSION_2.618,HIGH,2026-07-05T23:28:19Z,,,,False
RENDER,2026-05-03T00:00:00Z,1d,NORMAL,UNIQUE_TOP_CANDIDATE,9.0,2026-05-12T00:00:00Z,1,EXTENSION,1.272,EXTENSION_1.272,HIGH,2026-06-07T17:05:16Z,2026-06-07T00:00:00Z,1.5003,0.0,True
RENDER,2026-05-03T00:00:00Z,1d,NORMAL,UNIQUE_TOP_CANDIDATE,9.0,2026-05-12T00:00:00Z,2,EXTENSION,1.618,EXTENSION_1.618,HIGH,2026-06-14T23:28:19Z,2026-06-14T00:00:00Z,1.563,0.0,True
RENDER,2026-05-03T00:00:00Z,1d,NORMAL,UNIQUE_TOP_CANDIDATE,9.0,2026-05-12T00:00:00Z,3,EXTENSION,2.618,EXTENSION_2.618,HIGH,2026-07-05T23:28:19Z,,,,False
RENDER,2026-05-03T00:00:00Z,1d,MAX,UNIQUE_TOP_CANDIDATE,9.0,2026-05-12T00:00:00Z,1,EXTENSION,1.272,EXTENSION_1.272,HIGH,2026-06-07T17:05:16Z,2026-06-07T00:00:00Z,1.5003,0.0,True
RENDER,2026-05-03T00:00:00Z,1d,MAX,UNIQUE_TOP_CANDIDATE,9.0,2026-05-12T00:00:00Z,2,EXTENSION,1.618,EXTENSION_1.618,HIGH,2026-06-14T23:28:19Z,2026-06-14T00:00:00Z,1.563,0.0,True
RENDER,2026-05-03T00:00:00Z,1d,MAX,UNIQUE_TOP_CANDIDATE,9.0,2026-05-12T00:00:00Z,3,EXTENSION,2.618,EXTENSION_2.618,HIGH,2026-07-05T23:28:19Z,,,,False
TAO,2024-10-13T00:00:00Z,1d,STRICT,UNIQUE_TOP_CANDIDATE,4.0,2024-10-17T00:00:00Z,1,EXTENSION,1.272,EXTENSION_1.272,HIGH,2024-11-12T17:05:16Z,2024-11-12T00:00:00Z,580.0,0.0,True
TAO,2024-10-13T00:00:00Z,1d,STRICT,UNIQUE_TOP_CANDIDATE,4.0,2024-10-17T00:00:00Z,2,EXTENSION,1.618,EXTENSION_1.618,HIGH,2024-11-19T23:28:19Z,2024-11-19T00:00:00Z,483.17,0.0,True
TAO,2024-10-13T00:00:00Z,1d,STRICT,UNIQUE_TOP_CANDIDATE,4.0,2024-10-17T00:00:00Z,3,EXTENSION,2.618,EXTENSION_2.618,HIGH,2024-12-10T23:28:19Z,2024-12-10T00:00:00Z,580.89,0.0,True
TAO,2024-10-13T00:00:00Z,1d,NORMAL,UNIQUE_TOP_CANDIDATE,4.0,2024-10-17T00:00:00Z,1,EXTENSION,1.272,EXTENSION_1.272,HIGH,2024-11-12T17:05:16Z,2024-11-12T00:00:00Z,580.0,0.0,True
TAO,2024-10-13T00:00:00Z,1d,NORMAL,UNIQUE_TOP_CANDIDATE,4.0,2024-10-17T00:00:00Z,2,EXTENSION,1.618,EXTENSION_1.618,HIGH,2024-11-19T23:28:19Z,2024-11-19T00:00:00Z,483.17,0.0,True
TAO,2024-10-13T00:00:00Z,1d,NORMAL,UNIQUE_TOP_CANDIDATE,4.0,2024-10-17T00:00:00Z,3,EXTENSION,2.618,EXTENSION_2.618,HIGH,2024-12-10T23:28:19Z,2024-12-10T00:00:00Z,580.89,0.0,True
TAO,2024-10-13T00:00:00Z,1d,MAX,UNIQUE_TOP_CANDIDATE,3.0,2024-10-16T00:00:00Z,1,EXTENSION,1.272,EXTENSION_1.272,HIGH,2024-11-11T17:05:16Z,2024-11-11T00:00:00Z,582.75,0.0,True
TAO,2024-10-13T00:00:00Z,1d,MAX,UNIQUE_TOP_CANDIDATE,3.0,2024-10-16T00:00:00Z,2,EXTENSION,1.618,EXTENSION_1.618,HIGH,2024-11-18T23:28:19Z,2024-11-18T00:00:00Z,498.05,0.0,True
TAO,2024-10-13T00:00:00Z,1d,MAX,UNIQUE_TOP_CANDIDATE,3.0,2024-10-16T00:00:00Z,3,EXTENSION,2.618,EXTENSION_2.618,HIGH,2024-12-09T23:28:19Z,2024-12-09T00:00:00Z,674.69,0.0,True
TAO,2024-11-03T00:00:00Z,1d,STRICT,UNIQUE_TOP_CANDIDATE,7.0,2024-11-10T00:00:00Z,1,EXTENSION,1.272,EXTENSION_1.272,HIGH,2024-12-06T17:05:16Z,2024-12-06T00:00:00Z,704.78,0.0,True
TAO,2024-11-03T00:00:00Z,1d,STRICT,UNIQUE_TOP_CANDIDATE,7.0,2024-11-10T00:00:00Z,2,EXTENSION,1.618,EXTENSION_1.618,HIGH,2024-12-13T23:28:19Z,2024-12-13T00:00:00Z,561.24,0.0,True
TAO,2024-11-03T00:00:00Z,1d,STRICT,UNIQUE_TOP_CANDIDATE,7.0,2024-11-10T00:00:00Z,3,EXTENSION,2.618,EXTENSION_2.618,HIGH,2025-01-03T23:28:19Z,2025-01-03T00:00:00Z,556.29,0.0,True
TAO,2024-11-03T00:00:00Z,1d,NORMAL,UNIQUE_TOP_CANDIDATE,7.0,2024-11-10T00:00:00Z,1,EXTENSION,1.272,EXTENSION_1.272,HIGH,2024-12-06T17:05:16Z,2024-12-06T00:00:00Z,704.78,0.0,True
TAO,2024-11-03T00:00:00Z,1d,NORMAL,UNIQUE_TOP_CANDIDATE,7.0,2024-11-10T00:00:00Z,2,EXTENSION,1.618,EXTENSION_1.618,HIGH,2024-12-13T23:28:19Z,2024-12-13T00:00:00Z,561.24,0.0,True
TAO,2024-11-03T00:00:00Z,1d,NORMAL,UNIQUE_TOP_CANDIDATE,7.0,2024-11-10T00:00:00Z,3,EXTENSION,2.618,EXTENSION_2.618,HIGH,2025-01-03T23:28:19Z,2025-01-03T00:00:00Z,556.29,0.0,True
TAO,2024-11-03T00:00:00Z,1d,MAX,UNIQUE_TOP_CANDIDATE,7.0,2024-11-10T00:00:00Z,1,EXTENSION,1.272,EXTENSION_1.272,HIGH,2024-12-06T17:05:16Z,2024-12-06T00:00:00Z,704.78,0.0,True
TAO,2024-11-03T00:00:00Z,1d,MAX,UNIQUE_TOP_CANDIDATE,7.0,2024-11-10T00:00:00Z,2,EXTENSION,1.618,EXTENSION_1.618,HIGH,2024-12-13T23:28:19Z,2024-12-13T00:00:00Z,561.24,0.0,True
TAO,2024-11-03T00:00:00Z,1d,MAX,UNIQUE_TOP_CANDIDATE,7.0,2024-11-10T00:00:00Z,3,EXTENSION,2.618,EXTENSION_2.618,HIGH,2025-01-03T23:28:19Z,2025-01-03T00:00:00Z,556.29,0.0,True
TAO,2024-12-15T00:00:00Z,1d,STRICT,UNIQUE_TOP_CANDIDATE,-1.0,2024-12-14T00:00:00Z,1,EXTENSION,1.272,EXTENSION_1.272,HIGH,2025-01-09T17:05:16Z,2025-01-09T00:00:00Z,461.55,0.0,True
TAO,2024-12-15T00:00:00Z,1d,STRICT,UNIQUE_TOP_CANDIDATE,-1.0,2024-12-14T00:00:00Z,2,EXTENSION,1.618,EXTENSION_1.618,HIGH,2025-01-16T23:28:19Z,2025-01-16T00:00:00Z,456.76,0.0,True
TAO,2024-12-15T00:00:00Z,1d,STRICT,UNIQUE_TOP_CANDIDATE,-1.0,2024-12-14T00:00:00Z,3,EXTENSION,2.618,EXTENSION_2.618,HIGH,2025-02-06T23:28:19Z,2025-02-06T00:00:00Z,363.79,0.0,True
TAO,2024-12-15T00:00:00Z,1d,NORMAL,UNIQUE_TOP_CANDIDATE,-3.0,2024-12-12T00:00:00Z,1,EXTENSION,1.272,EXTENSION_1.272,HIGH,2025-01-07T17:05:16Z,2025-01-07T00:00:00Z,538.46,0.0,True
TAO,2024-12-15T00:00:00Z,1d,NORMAL,UNIQUE_TOP_CANDIDATE,-3.0,2024-12-12T00:00:00Z,2,EXTENSION,1.618,EXTENSION_1.618,HIGH,2025-01-14T23:28:19Z,2025-01-14T00:00:00Z,423.13,0.0,True
TAO,2024-12-15T00:00:00Z,1d,NORMAL,UNIQUE_TOP_CANDIDATE,-3.0,2024-12-12T00:00:00Z,3,EXTENSION,2.618,EXTENSION_2.618,HIGH,2025-02-04T23:28:19Z,2025-02-04T00:00:00Z,387.62,0.0,True
TAO,2024-12-15T00:00:00Z,1d,MAX,UNIQUE_TOP_CANDIDATE,-3.0,2024-12-12T00:00:00Z,1,EXTENSION,1.272,EXTENSION_1.272,HIGH,2025-01-07T17:05:16Z,2025-01-07T00:00:00Z,538.46,0.0,True
TAO,2024-12-15T00:00:00Z,1d,MAX,UNIQUE_TOP_CANDIDATE,-3.0,2024-12-12T00:00:00Z,2,EXTENSION,1.618,EXTENSION_1.618,HIGH,2025-01-14T23:28:19Z,2025-01-14T00:00:00Z,423.13,0.0,True
TAO,2024-12-15T00:00:00Z,1d,MAX,UNIQUE_TOP_CANDIDATE,-3.0,2024-12-12T00:00:00Z,3,EXTENSION,2.618,EXTENSION_2.618,HIGH,2025-02-04T23:28:19Z,2025-02-04T00:00:00Z,387.62,0.0,True
TAO,2025-01-05T00:00:00Z,1d,MAX,UNIQUE_TOP_CANDIDATE,8.0,2025-01-13T00:00:00Z,1,EXTENSION,1.272,EXTENSION_1.272,HIGH,2025-02-08T17:05:16Z,2025-02-08T00:00:00Z,341.44,0.0,True
TAO,2025-01-05T00:00:00Z,1d,MAX,UNIQUE_TOP_CANDIDATE,8.0,2025-01-13T00:00:00Z,2,EXTENSION,1.618,EXTENSION_1.618,HIGH,2025-02-15T23:28:19Z,2025-02-15T00:00:00Z,382.34,0.0,True
TAO,2025-01-05T00:00:00Z,1d,MAX,UNIQUE_TOP_CANDIDATE,8.0,2025-01-13T00:00:00Z,3,EXTENSION,2.618,EXTENSION_2.618,HIGH,2025-03-08T23:28:19Z,2025-03-08T00:00:00Z,261.92,0.0,True
TAO,2025-01-26T00:00:00Z,1d,STRICT,UNIQUE_TOP_CANDIDATE,7.0,2025-02-02T00:00:00Z,1,EXTENSION,1.272,EXTENSION_1.272,HIGH,2025-02-28T17:05:16Z,2025-02-28T00:00:00Z,321.51,0.0,True
TAO,2025-01-26T00:00:00Z,1d,STRICT,UNIQUE_TOP_CANDIDATE,7.0,2025-02-02T00:00:00Z,2,EXTENSION,1.618,EXTENSION_1.618,HIGH,2025-03-07T23:28:19Z,2025-03-07T00:00:00Z,271.3,0.0,True
TAO,2025-01-26T00:00:00Z,1d,STRICT,UNIQUE_TOP_CANDIDATE,7.0,2025-02-02T00:00:00Z,3,EXTENSION,2.618,EXTENSION_2.618,HIGH,2025-03-28T23:28:19Z,2025-03-28T00:00:00Z,250.74,0.0,True
TAO,2025-01-26T00:00:00Z,1d,NORMAL,UNIQUE_TOP_CANDIDATE,7.0,2025-02-02T00:00:00Z,1,EXTENSION,1.272,EXTENSION_1.272,HIGH,2025-02-28T17:05:16Z,2025-02-28T00:00:00Z,321.51,0.0,True
TAO,2025-01-26T00:00:00Z,1d,NORMAL,UNIQUE_TOP_CANDIDATE,7.0,2025-02-02T00:00:00Z,2,EXTENSION,1.618,EXTENSION_1.618,HIGH,2025-03-07T23:28:19Z,2025-03-07T00:00:00Z,271.3,0.0,True
TAO,2025-01-26T00:00:00Z,1d,NORMAL,UNIQUE_TOP_CANDIDATE,7.0,2025-02-02T00:00:00Z,3,EXTENSION,2.618,EXTENSION_2.618,HIGH,2025-03-28T23:28:19Z,2025-03-28T00:00:00Z,250.74,0.0,True
TAO,2025-01-26T00:00:00Z,1d,MAX,UNIQUE_TOP_CANDIDATE,7.0,2025-02-02T00:00:00Z,1,EXTENSION,1.272,EXTENSION_1.272,HIGH,2025-02-28T17:05:16Z,2025-02-28T00:00:00Z,321.51,0.0,True
TAO,2025-01-26T00:00:00Z,1d,MAX,UNIQUE_TOP_CANDIDATE,7.0,2025-02-02T00:00:00Z,2,EXTENSION,1.618,EXTENSION_1.618,HIGH,2025-03-07T23:28:19Z,2025-03-07T00:00:00Z,271.3,0.0,True
TAO,2025-01-26T00:00:00Z,1d,MAX,UNIQUE_TOP_CANDIDATE,7.0,2025-02-02T00:00:00Z,3,EXTENSION,2.618,EXTENSION_2.618,HIGH,2025-03-28T23:28:19Z,2025-03-28T00:00:00Z,250.74,0.0,True
TAO,2025-02-16T00:00:00Z,1d,MAX,UNIQUE_TOP_CANDIDATE,-9.0,2025-02-07T00:00:00Z,1,EXTENSION,1.272,EXTENSION_1.272,HIGH,2025-03-05T17:05:16Z,2025-03-05T00:00:00Z,294.29,0.0,True
TAO,2025-02-16T00:00:00Z,1d,MAX,UNIQUE_TOP_CANDIDATE,-9.0,2025-02-07T00:00:00Z,2,EXTENSION,1.618,EXTENSION_1.618,HIGH,2025-03-12T23:28:19Z,2025-03-12T00:00:00Z,252.1,0.0,True
TAO,2025-02-16T00:00:00Z,1d,MAX,UNIQUE_TOP_CANDIDATE,-9.0,2025-02-07T00:00:00Z,3,EXTENSION,2.618,EXTENSION_2.618,HIGH,2025-04-02T23:28:19Z,2025-04-02T00:00:00Z,217.99,0.0,True
TAO,2025-03-09T00:00:00Z,1d,MAX,UNIQUE_TOP_CANDIDATE,-6.0,2025-03-03T00:00:00Z,1,EXTENSION,1.272,EXTENSION_1.272,HIGH,2025-03-29T17:05:16Z,2025-03-29T00:00:00Z,226.64,0.0,True
TAO,2025-03-09T00:00:00Z,1d,MAX,UNIQUE_TOP_CANDIDATE,-6.0,2025-03-03T00:00:00Z,2,EXTENSION,1.618,EXTENSION_1.618,HIGH,2025-04-05T23:28:19Z,2025-04-05T00:00:00Z,201.77,0.0,True
TAO,2025-03-09T00:00:00Z,1d,MAX,UNIQUE_TOP_CANDIDATE,-6.0,2025-03-03T00:00:00Z,3,EXTENSION,2.618,EXTENSION_2.618,HIGH,2025-04-26T23:28:19Z,2025-04-26T00:00:00Z,315.89,0.0,True
TAO,2025-03-30T00:00:00Z,1d,STRICT,UNIQUE_TOP_CANDIDATE,10.0,2025-04-09T00:00:00Z,1,EXTENSION,1.272,EXTENSION_1.272,HIGH,2025-05-05T17:05:16Z,2025-05-05T00:00:00Z,335.28,0.0,True
TAO,2025-03-30T00:00:00Z,1d,STRICT,UNIQUE_TOP_CANDIDATE,10.0,2025-04-09T00:00:00Z,2,EXTENSION,1.618,EXTENSION_1.618,HIGH,2025-05-12T23:28:19Z,2025-05-12T00:00:00Z,439.0,0.0,True
TAO,2025-03-30T00:00:00Z,1d,STRICT,UNIQUE_TOP_CANDIDATE,10.0,2025-04-09T00:00:00Z,3,EXTENSION,2.618,EXTENSION_2.618,HIGH,2025-06-02T23:28:19Z,2025-06-02T00:00:00Z,366.0,0.0,True
TAO,2025-03-30T00:00:00Z,1d,NORMAL,UNIQUE_TOP_CANDIDATE,10.0,2025-04-09T00:00:00Z,1,EXTENSION,1.272,EXTENSION_1.272,HIGH,2025-05-05T17:05:16Z,2025-05-05T00:00:00Z,335.28,0.0,True
TAO,2025-03-30T00:00:00Z,1d,NORMAL,UNIQUE_TOP_CANDIDATE,10.0,2025-04-09T00:00:00Z,2,EXTENSION,1.618,EXTENSION_1.618,HIGH,2025-05-12T23:28:19Z,2025-05-12T00:00:00Z,439.0,0.0,True
TAO,2025-03-30T00:00:00Z,1d,NORMAL,UNIQUE_TOP_CANDIDATE,10.0,2025-04-09T00:00:00Z,3,EXTENSION,2.618,EXTENSION_2.618,HIGH,2025-06-02T23:28:19Z,2025-06-02T00:00:00Z,366.0,0.0,True
TAO,2025-03-30T00:00:00Z,1d,MAX,UNIQUE_TOP_CANDIDATE,10.0,2025-04-09T00:00:00Z,1,EXTENSION,1.272,EXTENSION_1.272,HIGH,2025-05-05T17:05:16Z,2025-05-05T00:00:00Z,335.28,0.0,True
TAO,2025-03-30T00:00:00Z,1d,MAX,UNIQUE_TOP_CANDIDATE,10.0,2025-04-09T00:00:00Z,2,EXTENSION,1.618,EXTENSION_1.618,HIGH,2025-05-12T23:28:19Z,2025-05-12T00:00:00Z,439.0,0.0,True
TAO,2025-03-30T00:00:00Z,1d,MAX,UNIQUE_TOP_CANDIDATE,10.0,2025-04-09T00:00:00Z,3,EXTENSION,2.618,EXTENSION_2.618,HIGH,2025-06-02T23:28:19Z,2025-06-02T00:00:00Z,366.0,0.0,True
TAO,2025-05-11T00:00:00Z,1d,STRICT,UNIQUE_TOP_CANDIDATE,-10.5,2025-04-30T12:00:00Z,1,EXTENSION,1.272,EXTENSION_1.272,HIGH,2025-05-27T05:05:16Z,2025-05-27T00:00:00Z,404.16,0.0,True
TAO,2025-05-11T00:00:00Z,1d,STRICT,UNIQUE_TOP_CANDIDATE,-10.5,2025-04-30T12:00:00Z,2,EXTENSION,1.618,EXTENSION_1.618,HIGH,2025-06-03T11:28:19Z,2025-06-03T00:00:00Z,354.9,0.0,True
TAO,2025-05-11T00:00:00Z,1d,STRICT,UNIQUE_TOP_CANDIDATE,-10.5,2025-04-30T12:00:00Z,3,EXTENSION,2.618,EXTENSION_2.618,HIGH,2025-06-24T11:28:19Z,2025-06-24T00:00:00Z,314.08,0.0,True
TAO,2025-05-11T00:00:00Z,1d,NORMAL,UNIQUE_TOP_CANDIDATE,-10.5,2025-04-30T12:00:00Z,1,EXTENSION,1.272,EXTENSION_1.272,HIGH,2025-05-27T05:05:16Z,2025-05-27T00:00:00Z,404.16,0.0,True
TAO,2025-05-11T00:00:00Z,1d,NORMAL,UNIQUE_TOP_CANDIDATE,-10.5,2025-04-30T12:00:00Z,2,EXTENSION,1.618,EXTENSION_1.618,HIGH,2025-06-03T11:28:19Z,2025-06-03T00:00:00Z,354.9,0.0,True
TAO,2025-05-11T00:00:00Z,1d,NORMAL,UNIQUE_TOP_CANDIDATE,-10.5,2025-04-30T12:00:00Z,3,EXTENSION,2.618,EXTENSION_2.618,HIGH,2025-06-24T11:28:19Z,2025-06-24T00:00:00Z,314.08,0.0,True
TAO,2025-05-11T00:00:00Z,1d,MAX,UNIQUE_TOP_CANDIDATE,-10.5,2025-04-30T12:00:00Z,1,EXTENSION,1.272,EXTENSION_1.272,HIGH,2025-05-27T05:05:16Z,2025-05-27T00:00:00Z,404.16,0.0,True
TAO,2025-05-11T00:00:00Z,1d,MAX,UNIQUE_TOP_CANDIDATE,-10.5,2025-04-30T12:00:00Z,2,EXTENSION,1.618,EXTENSION_1.618,HIGH,2025-06-03T11:28:19Z,2025-06-03T00:00:00Z,354.9,0.0,True
TAO,2025-05-11T00:00:00Z,1d,MAX,UNIQUE_TOP_CANDIDATE,-10.5,2025-04-30T12:00:00Z,3,EXTENSION,2.618,EXTENSION_2.618,HIGH,2025-06-24T11:28:19Z,2025-06-24T00:00:00Z,314.08,0.0,True
TAO,2025-06-01T00:00:00Z,1d,STRICT,UNIQUE_TOP_CANDIDATE,-9.0,2025-05-23T00:00:00Z,1,EXTENSION,1.272,EXTENSION_1.272,HIGH,2025-06-18T17:05:16Z,2025-06-18T00:00:00Z,319.1,0.0,True
TAO,2025-06-01T00:00:00Z,1d,STRICT,UNIQUE_TOP_CANDIDATE,-9.0,2025-05-23T00:00:00Z,2,EXTENSION,1.618,EXTENSION_1.618,HIGH,2025-06-25T23:28:19Z,2025-06-25T00:00:00Z,298.95,0.0,True
TAO,2025-06-01T00:00:00Z,1d,STRICT,UNIQUE_TOP_CANDIDATE,-9.0,2025-05-23T00:00:00Z,3,EXTENSION,2.618,EXTENSION_2.618,HIGH,2025-07-16T23:28:19Z,2025-07-16T00:00:00Z,390.69,0.0,True
TAO,2025-06-01T00:00:00Z,1d,NORMAL,UNIQUE_TOP_CANDIDATE,-9.0,2025-05-23T00:00:00Z,1,EXTENSION,1.272,EXTENSION_1.272,HIGH,2025-06-18T17:05:16Z,2025-06-18T00:00:00Z,319.1,0.0,True
TAO,2025-06-01T00:00:00Z,1d,NORMAL,UNIQUE_TOP_CANDIDATE,-9.0,2025-05-23T00:00:00Z,2,EXTENSION,1.618,EXTENSION_1.618,HIGH,2025-06-25T23:28:19Z,2025-06-25T00:00:00Z,298.95,0.0,True
TAO,2025-06-01T00:00:00Z,1d,NORMAL,UNIQUE_TOP_CANDIDATE,-9.0,2025-05-23T00:00:00Z,3,EXTENSION,2.618,EXTENSION_2.618,HIGH,2025-07-16T23:28:19Z,2025-07-16T00:00:00Z,390.69,0.0,True
TAO,2025-06-01T00:00:00Z,1d,MAX,UNIQUE_TOP_CANDIDATE,-9.0,2025-05-23T00:00:00Z,1,EXTENSION,1.272,EXTENSION_1.272,HIGH,2025-06-18T17:05:16Z,2025-06-18T00:00:00Z,319.1,0.0,True
TAO,2025-06-01T00:00:00Z,1d,MAX,UNIQUE_TOP_CANDIDATE,-9.0,2025-05-23T00:00:00Z,2,EXTENSION,1.618,EXTENSION_1.618,HIGH,2025-06-25T23:28:19Z,2025-06-25T00:00:00Z,298.95,0.0,True
TAO,2025-06-01T00:00:00Z,1d,MAX,UNIQUE_TOP_CANDIDATE,-9.0,2025-05-23T00:00:00Z,3,EXTENSION,2.618,EXTENSION_2.618,HIGH,2025-07-16T23:28:19Z,2025-07-16T00:00:00Z,390.69,0.0,True
TAO,2025-07-13T00:00:00Z,1d,STRICT,UNIQUE_TOP_CANDIDATE,-5.0,2025-07-08T00:00:00Z,1,EXTENSION,1.272,EXTENSION_1.272,HIGH,2025-08-03T17:05:16Z,2025-08-03T00:00:00Z,305.03,0.0,True
TAO,2025-07-13T00:00:00Z,1d,STRICT,UNIQUE_TOP_CANDIDATE,-5.0,2025-07-08T00:00:00Z,2,EXTENSION,1.618,EXTENSION_1.618,HIGH,2025-08-10T23:28:19Z,2025-08-10T00:00:00Z,340.55,0.0,True
TAO,2025-07-13T00:00:00Z,1d,STRICT,UNIQUE_TOP_CANDIDATE,-5.0,2025-07-08T00:00:00Z,3,EXTENSION,2.618,EXTENSION_2.618,HIGH,2025-08-31T23:28:19Z,2025-08-31T00:00:00Z,281.68,0.0,True
TAO,2025-07-13T00:00:00Z,1d,NORMAL,UNIQUE_TOP_CANDIDATE,-5.0,2025-07-08T00:00:00Z,1,EXTENSION,1.272,EXTENSION_1.272,HIGH,2025-08-03T17:05:16Z,2025-08-03T00:00:00Z,305.03,0.0,True
TAO,2025-07-13T00:00:00Z,1d,NORMAL,UNIQUE_TOP_CANDIDATE,-5.0,2025-07-08T00:00:00Z,2,EXTENSION,1.618,EXTENSION_1.618,HIGH,2025-08-10T23:28:19Z,2025-08-10T00:00:00Z,340.55,0.0,True
TAO,2025-07-13T00:00:00Z,1d,NORMAL,UNIQUE_TOP_CANDIDATE,-5.0,2025-07-08T00:00:00Z,3,EXTENSION,2.618,EXTENSION_2.618,HIGH,2025-08-31T23:28:19Z,2025-08-31T00:00:00Z,281.68,0.0,True
TAO,2025-07-13T00:00:00Z,1d,MAX,UNIQUE_TOP_CANDIDATE,-5.0,2025-07-08T00:00:00Z,1,EXTENSION,1.272,EXTENSION_1.272,HIGH,2025-08-03T17:05:16Z,2025-08-03T00:00:00Z,305.03,0.0,True
TAO,2025-07-13T00:00:00Z,1d,MAX,UNIQUE_TOP_CANDIDATE,-5.0,2025-07-08T00:00:00Z,2,EXTENSION,1.618,EXTENSION_1.618,HIGH,2025-08-10T23:28:19Z,2025-08-10T00:00:00Z,340.55,0.0,True
TAO,2025-07-13T00:00:00Z,1d,MAX,UNIQUE_TOP_CANDIDATE,-5.0,2025-07-08T00:00:00Z,3,EXTENSION,2.618,EXTENSION_2.618,HIGH,2025-08-31T23:28:19Z,2025-08-31T00:00:00Z,281.68,0.0,True
TAO,2025-08-03T00:00:00Z,1d,STRICT,UNIQUE_TOP_CANDIDATE,-10.0,2025-07-24T00:00:00Z,1,EXTENSION,1.272,EXTENSION_1.272,HIGH,2025-08-19T17:05:16Z,2025-08-19T00:00:00Z,308.49,0.0,True
TAO,2025-08-03T00:00:00Z,1d,STRICT,UNIQUE_TOP_CANDIDATE,-10.0,2025-07-24T00:00:00Z,2,EXTENSION,1.618,EXTENSION_1.618,HIGH,2025-08-26T23:28:19Z,2025-08-26T00:00:00Z,301.94,0.0,True
TAO,2025-08-03T00:00:00Z,1d,STRICT,UNIQUE_TOP_CANDIDATE,-10.0,2025-07-24T00:00:00Z,3,EXTENSION,2.618,EXTENSION_2.618,HIGH,2025-09-16T23:28:19Z,2025-09-16T00:00:00Z,293.03,0.0,True
TAO,2025-08-03T00:00:00Z,1d,NORMAL,UNIQUE_TOP_CANDIDATE,-10.0,2025-07-24T00:00:00Z,1,EXTENSION,1.272,EXTENSION_1.272,HIGH,2025-08-19T17:05:16Z,2025-08-19T00:00:00Z,308.49,0.0,True
TAO,2025-08-03T00:00:00Z,1d,NORMAL,UNIQUE_TOP_CANDIDATE,-10.0,2025-07-24T00:00:00Z,2,EXTENSION,1.618,EXTENSION_1.618,HIGH,2025-08-26T23:28:19Z,2025-08-26T00:00:00Z,301.94,0.0,True
TAO,2025-08-03T00:00:00Z,1d,NORMAL,UNIQUE_TOP_CANDIDATE,-10.0,2025-07-24T00:00:00Z,3,EXTENSION,2.618,EXTENSION_2.618,HIGH,2025-09-16T23:28:19Z,2025-09-16T00:00:00Z,293.03,0.0,True
TAO,2025-08-03T00:00:00Z,1d,MAX,UNIQUE_TOP_CANDIDATE,-10.0,2025-07-24T00:00:00Z,1,EXTENSION,1.272,EXTENSION_1.272,HIGH,2025-08-19T17:05:16Z,2025-08-19T00:00:00Z,308.49,0.0,True
TAO,2025-08-03T00:00:00Z,1d,MAX,UNIQUE_TOP_CANDIDATE,-10.0,2025-07-24T00:00:00Z,2,EXTENSION,1.618,EXTENSION_1.618,HIGH,2025-08-26T23:28:19Z,2025-08-26T00:00:00Z,301.94,0.0,True
TAO,2025-08-03T00:00:00Z,1d,MAX,UNIQUE_TOP_CANDIDATE,-10.0,2025-07-24T00:00:00Z,3,EXTENSION,2.618,EXTENSION_2.618,HIGH,2025-09-16T23:28:19Z,2025-09-16T00:00:00Z,293.03,0.0,True
TAO,2025-10-26T00:00:00Z,1d,STRICT,UNIQUE_TOP_CANDIDATE,-10.5,2025-10-15T12:00:00Z,1,EXTENSION,1.272,EXTENSION_1.272,HIGH,2025-11-11T05:05:16Z,2025-11-11T00:00:00Z,343.74,0.0,True
TAO,2025-10-26T00:00:00Z,1d,STRICT,UNIQUE_TOP_CANDIDATE,-10.5,2025-10-15T12:00:00Z,2,EXTENSION,1.618,EXTENSION_1.618,HIGH,2025-11-18T11:28:19Z,2025-11-18T00:00:00Z,291.36,0.0,True
TAO,2025-10-26T00:00:00Z,1d,STRICT,UNIQUE_TOP_CANDIDATE,-10.5,2025-10-15T12:00:00Z,3,EXTENSION,2.618,EXTENSION_2.618,HIGH,2025-12-09T11:28:19Z,2025-12-09T00:00:00Z,270.82,0.0,True
TAO,2025-10-26T00:00:00Z,1d,NORMAL,UNIQUE_TOP_CANDIDATE,-10.5,2025-10-15T12:00:00Z,1,EXTENSION,1.272,EXTENSION_1.272,HIGH,2025-11-11T05:05:16Z,2025-11-11T00:00:00Z,343.74,0.0,True
TAO,2025-10-26T00:00:00Z,1d,NORMAL,UNIQUE_TOP_CANDIDATE,-10.5,2025-10-15T12:00:00Z,2,EXTENSION,1.618,EXTENSION_1.618,HIGH,2025-11-18T11:28:19Z,2025-11-18T00:00:00Z,291.36,0.0,True
TAO,2025-10-26T00:00:00Z,1d,NORMAL,UNIQUE_TOP_CANDIDATE,-10.5,2025-10-15T12:00:00Z,3,EXTENSION,2.618,EXTENSION_2.618,HIGH,2025-12-09T11:28:19Z,2025-12-09T00:00:00Z,270.82,0.0,True
TAO,2025-10-26T00:00:00Z,1d,MAX,UNIQUE_TOP_CANDIDATE,-10.5,2025-10-15T12:00:00Z,1,EXTENSION,1.272,EXTENSION_1.272,HIGH,2025-11-11T05:05:16Z,2025-11-11T00:00:00Z,343.74,0.0,True
TAO,2025-10-26T00:00:00Z,1d,MAX,UNIQUE_TOP_CANDIDATE,-10.5,2025-10-15T12:00:00Z,2,EXTENSION,1.618,EXTENSION_1.618,HIGH,2025-11-18T11:28:19Z,2025-11-18T00:00:00Z,291.36,0.0,True
TAO,2025-10-26T00:00:00Z,1d,MAX,UNIQUE_TOP_CANDIDATE,-10.5,2025-10-15T12:00:00Z,3,EXTENSION,2.618,EXTENSION_2.618,HIGH,2025-12-09T11:28:19Z,2025-12-09T00:00:00Z,270.82,0.0,True
TAO,2025-11-16T00:00:00Z,1d,STRICT,UNIQUE_TOP_CANDIDATE,-2.0,2025-11-14T00:00:00Z,1,EXTENSION,1.272,EXTENSION_1.272,HIGH,2025-12-10T17:05:16Z,2025-12-10T00:00:00Z,266.68,0.0,True
TAO,2025-11-16T00:00:00Z,1d,STRICT,UNIQUE_TOP_CANDIDATE,-2.0,2025-11-14T00:00:00Z,2,EXTENSION,1.618,EXTENSION_1.618,HIGH,2025-12-17T23:28:19Z,2025-12-17T00:00:00Z,222.53,0.0,True
TAO,2025-11-16T00:00:00Z,1d,STRICT,UNIQUE_TOP_CANDIDATE,-2.0,2025-11-14T00:00:00Z,3,EXTENSION,2.618,EXTENSION_2.618,HIGH,2026-01-07T23:28:19Z,2026-01-07T00:00:00Z,251.54,0.0,True
TAO,2025-11-16T00:00:00Z,1d,NORMAL,UNIQUE_TOP_CANDIDATE,-2.0,2025-11-14T00:00:00Z,1,EXTENSION,1.272,EXTENSION_1.272,HIGH,2025-12-10T17:05:16Z,2025-12-10T00:00:00Z,266.68,0.0,True
TAO,2025-11-16T00:00:00Z,1d,NORMAL,UNIQUE_TOP_CANDIDATE,-2.0,2025-11-14T00:00:00Z,2,EXTENSION,1.618,EXTENSION_1.618,HIGH,2025-12-17T23:28:19Z,2025-12-17T00:00:00Z,222.53,0.0,True
TAO,2025-11-16T00:00:00Z,1d,NORMAL,UNIQUE_TOP_CANDIDATE,-2.0,2025-11-14T00:00:00Z,3,EXTENSION,2.618,EXTENSION_2.618,HIGH,2026-01-07T23:28:19Z,2026-01-07T00:00:00Z,251.54,0.0,True
TAO,2025-11-16T00:00:00Z,1d,MAX,UNIQUE_TOP_CANDIDATE,-2.0,2025-11-14T00:00:00Z,1,EXTENSION,1.272,EXTENSION_1.272,HIGH,2025-12-10T17:05:16Z,2025-12-10T00:00:00Z,266.68,0.0,True
TAO,2025-11-16T00:00:00Z,1d,MAX,UNIQUE_TOP_CANDIDATE,-2.0,2025-11-14T00:00:00Z,2,EXTENSION,1.618,EXTENSION_1.618,HIGH,2025-12-17T23:28:19Z,2025-12-17T00:00:00Z,222.53,0.0,True
TAO,2025-11-16T00:00:00Z,1d,MAX,UNIQUE_TOP_CANDIDATE,-2.0,2025-11-14T00:00:00Z,3,EXTENSION,2.618,EXTENSION_2.618,HIGH,2026-01-07T23:28:19Z,2026-01-07T00:00:00Z,251.54,0.0,True
TAO,2025-12-07T00:00:00Z,1d,MAX,UNIQUE_TOP_CANDIDATE,3.0,2025-12-10T00:00:00Z,1,EXTENSION,1.272,EXTENSION_1.272,HIGH,2026-01-05T17:05:16Z,2026-01-05T00:00:00Z,232.98,0.0,True
TAO,2025-12-07T00:00:00Z,1d,MAX,UNIQUE_TOP_CANDIDATE,3.0,2025-12-10T00:00:00Z,2,EXTENSION,1.618,EXTENSION_1.618,HIGH,2026-01-12T23:28:19Z,2026-01-12T00:00:00Z,251.33,0.0,True
TAO,2025-12-07T00:00:00Z,1d,MAX,UNIQUE_TOP_CANDIDATE,3.0,2025-12-10T00:00:00Z,3,EXTENSION,2.618,EXTENSION_2.618,HIGH,2026-02-02T23:28:19Z,2026-02-02T00:00:00Z,175.68,0.0,True
TAO,2025-12-28T00:00:00Z,1d,STRICT,UNIQUE_TOP_CANDIDATE,-3.0,2025-12-25T00:00:00Z,1,EXTENSION,1.272,EXTENSION_1.272,HIGH,2026-01-20T17:05:16Z,2026-01-20T00:00:00Z,217.79,0.0,True
TAO,2025-12-28T00:00:00Z,1d,STRICT,UNIQUE_TOP_CANDIDATE,-3.0,2025-12-25T00:00:00Z,2,EXTENSION,1.618,EXTENSION_1.618,HIGH,2026-01-27T23:28:19Z,2026-01-27T00:00:00Z,198.85,0.0,True
TAO,2025-12-28T00:00:00Z,1d,STRICT,UNIQUE_TOP_CANDIDATE,-3.0,2025-12-25T00:00:00Z,3,EXTENSION,2.618,EXTENSION_2.618,HIGH,2026-02-17T23:28:19Z,2026-02-17T00:00:00Z,168.9,0.0,True
TAO,2025-12-28T00:00:00Z,1d,NORMAL,UNIQUE_TOP_CANDIDATE,-3.0,2025-12-25T00:00:00Z,1,EXTENSION,1.272,EXTENSION_1.272,HIGH,2026-01-20T17:05:16Z,2026-01-20T00:00:00Z,217.79,0.0,True
TAO,2025-12-28T00:00:00Z,1d,NORMAL,UNIQUE_TOP_CANDIDATE,-3.0,2025-12-25T00:00:00Z,2,EXTENSION,1.618,EXTENSION_1.618,HIGH,2026-01-27T23:28:19Z,2026-01-27T00:00:00Z,198.85,0.0,True
TAO,2025-12-28T00:00:00Z,1d,NORMAL,UNIQUE_TOP_CANDIDATE,-3.0,2025-12-25T00:00:00Z,3,EXTENSION,2.618,EXTENSION_2.618,HIGH,2026-02-17T23:28:19Z,2026-02-17T00:00:00Z,168.9,0.0,True
TAO,2025-12-28T00:00:00Z,1d,MAX,UNIQUE_TOP_CANDIDATE,-3.0,2025-12-25T00:00:00Z,1,EXTENSION,1.272,EXTENSION_1.272,HIGH,2026-01-20T17:05:16Z,2026-01-20T00:00:00Z,217.79,0.0,True
TAO,2025-12-28T00:00:00Z,1d,MAX,UNIQUE_TOP_CANDIDATE,-3.0,2025-12-25T00:00:00Z,2,EXTENSION,1.618,EXTENSION_1.618,HIGH,2026-01-27T23:28:19Z,2026-01-27T00:00:00Z,198.85,0.0,True
TAO,2025-12-28T00:00:00Z,1d,MAX,UNIQUE_TOP_CANDIDATE,-3.0,2025-12-25T00:00:00Z,3,EXTENSION,2.618,EXTENSION_2.618,HIGH,2026-02-17T23:28:19Z,2026-02-17T00:00:00Z,168.9,0.0,True
TAO,2026-02-08T00:00:00Z,1d,STRICT,UNIQUE_TOP_CANDIDATE,7.0,2026-02-15T00:00:00Z,1,EXTENSION,1.272,EXTENSION_1.272,HIGH,2026-03-13T17:05:16Z,2026-03-13T00:00:00Z,219.16,0.0,True
TAO,2026-02-08T00:00:00Z,1d,STRICT,UNIQUE_TOP_CANDIDATE,7.0,2026-02-15T00:00:00Z,2,EXTENSION,1.618,EXTENSION_1.618,HIGH,2026-03-20T23:28:19Z,2026-03-20T00:00:00Z,267.66,0.0,True
TAO,2026-02-08T00:00:00Z,1d,STRICT,UNIQUE_TOP_CANDIDATE,7.0,2026-02-15T00:00:00Z,3,EXTENSION,2.618,EXTENSION_2.618,HIGH,2026-04-10T23:28:19Z,2026-04-10T00:00:00Z,266.25,0.0,True
TAO,2026-02-08T00:00:00Z,1d,NORMAL,UNIQUE_TOP_CANDIDATE,7.0,2026-02-15T00:00:00Z,1,EXTENSION,1.272,EXTENSION_1.272,HIGH,2026-03-13T17:05:16Z,2026-03-13T00:00:00Z,219.16,0.0,True
TAO,2026-02-08T00:00:00Z,1d,NORMAL,UNIQUE_TOP_CANDIDATE,7.0,2026-02-15T00:00:00Z,2,EXTENSION,1.618,EXTENSION_1.618,HIGH,2026-03-20T23:28:19Z,2026-03-20T00:00:00Z,267.66,0.0,True
TAO,2026-02-08T00:00:00Z,1d,NORMAL,UNIQUE_TOP_CANDIDATE,7.0,2026-02-15T00:00:00Z,3,EXTENSION,2.618,EXTENSION_2.618,HIGH,2026-04-10T23:28:19Z,2026-04-10T00:00:00Z,266.25,0.0,True
TAO,2026-02-08T00:00:00Z,1d,MAX,UNIQUE_TOP_CANDIDATE,7.0,2026-02-15T00:00:00Z,1,EXTENSION,1.272,EXTENSION_1.272,HIGH,2026-03-13T17:05:16Z,2026-03-13T00:00:00Z,219.16,0.0,True
TAO,2026-02-08T00:00:00Z,1d,MAX,UNIQUE_TOP_CANDIDATE,7.0,2026-02-15T00:00:00Z,2,EXTENSION,1.618,EXTENSION_1.618,HIGH,2026-03-20T23:28:19Z,2026-03-20T00:00:00Z,267.66,0.0,True
TAO,2026-02-08T00:00:00Z,1d,MAX,UNIQUE_TOP_CANDIDATE,7.0,2026-02-15T00:00:00Z,3,EXTENSION,2.618,EXTENSION_2.618,HIGH,2026-04-10T23:28:19Z,2026-04-10T00:00:00Z,266.25,0.0,True
TAO,2026-03-22T00:00:00Z,1d,STRICT,UNIQUE_TOP_CANDIDATE,-10.0,2026-03-12T00:00:00Z,1,EXTENSION,1.272,EXTENSION_1.272,HIGH,2026-04-07T17:05:16Z,2026-04-07T00:00:00Z,294.44,0.0,True
TAO,2026-03-22T00:00:00Z,1d,STRICT,UNIQUE_TOP_CANDIDATE,-10.0,2026-03-12T00:00:00Z,2,EXTENSION,1.618,EXTENSION_1.618,HIGH,2026-04-14T23:28:19Z,2026-04-14T00:00:00Z,221.99,0.0,True
TAO,2026-03-22T00:00:00Z,1d,STRICT,UNIQUE_TOP_CANDIDATE,-10.0,2026-03-12T00:00:00Z,3,EXTENSION,2.618,EXTENSION_2.618,HIGH,2026-05-05T23:28:19Z,2026-05-05T00:00:00Z,260.76,0.0,True
TAO,2026-03-22T00:00:00Z,1d,NORMAL,UNIQUE_TOP_CANDIDATE,-10.0,2026-03-12T00:00:00Z,1,EXTENSION,1.272,EXTENSION_1.272,HIGH,2026-04-07T17:05:16Z,2026-04-07T00:00:00Z,294.44,0.0,True
TAO,2026-03-22T00:00:00Z,1d,NORMAL,UNIQUE_TOP_CANDIDATE,-10.0,2026-03-12T00:00:00Z,2,EXTENSION,1.618,EXTENSION_1.618,HIGH,2026-04-14T23:28:19Z,2026-04-14T00:00:00Z,221.99,0.0,True
TAO,2026-03-22T00:00:00Z,1d,NORMAL,UNIQUE_TOP_CANDIDATE,-10.0,2026-03-12T00:00:00Z,3,EXTENSION,2.618,EXTENSION_2.618,HIGH,2026-05-05T23:28:19Z,2026-05-05T00:00:00Z,260.76,0.0,True
TAO,2026-03-22T00:00:00Z,1d,MAX,UNIQUE_TOP_CANDIDATE,-10.0,2026-03-12T00:00:00Z,1,EXTENSION,1.272,EXTENSION_1.272,HIGH,2026-04-07T17:05:16Z,2026-04-07T00:00:00Z,294.44,0.0,True
TAO,2026-03-22T00:00:00Z,1d,MAX,UNIQUE_TOP_CANDIDATE,-10.0,2026-03-12T00:00:00Z,2,EXTENSION,1.618,EXTENSION_1.618,HIGH,2026-04-14T23:28:19Z,2026-04-14T00:00:00Z,221.99,0.0,True
TAO,2026-03-22T00:00:00Z,1d,MAX,UNIQUE_TOP_CANDIDATE,-10.0,2026-03-12T00:00:00Z,3,EXTENSION,2.618,EXTENSION_2.618,HIGH,2026-05-05T23:28:19Z,2026-05-05T00:00:00Z,260.76,0.0,True
TAO,2026-05-03T00:00:00Z,1d,STRICT,UNIQUE_TOP_CANDIDATE,-10.5,2026-04-22T12:00:00Z,1,EXTENSION,1.272,EXTENSION_1.272,HIGH,2026-05-19T05:05:16Z,2026-05-19T00:00:00Z,227.27,0.0,True
TAO,2026-05-03T00:00:00Z,1d,STRICT,UNIQUE_TOP_CANDIDATE,-10.5,2026-04-22T12:00:00Z,2,EXTENSION,1.618,EXTENSION_1.618,HIGH,2026-05-26T11:28:19Z,2026-05-26T00:00:00Z,250.55,0.0,True
TAO,2026-05-03T00:00:00Z,1d,STRICT,UNIQUE_TOP_CANDIDATE,-10.5,2026-04-22T12:00:00Z,3,EXTENSION,2.618,EXTENSION_2.618,HIGH,2026-06-16T11:28:19Z,2026-06-16T00:00:00Z,233.7,0.0,True
TAO,2026-05-03T00:00:00Z,1d,NORMAL,UNIQUE_TOP_CANDIDATE,-10.5,2026-04-22T12:00:00Z,1,EXTENSION,1.272,EXTENSION_1.272,HIGH,2026-05-19T05:05:16Z,2026-05-19T00:00:00Z,227.27,0.0,True
TAO,2026-05-03T00:00:00Z,1d,NORMAL,UNIQUE_TOP_CANDIDATE,-10.5,2026-04-22T12:00:00Z,2,EXTENSION,1.618,EXTENSION_1.618,HIGH,2026-05-26T11:28:19Z,2026-05-26T00:00:00Z,250.55,0.0,True
TAO,2026-05-03T00:00:00Z,1d,NORMAL,UNIQUE_TOP_CANDIDATE,-10.5,2026-04-22T12:00:00Z,3,EXTENSION,2.618,EXTENSION_2.618,HIGH,2026-06-16T11:28:19Z,2026-06-16T00:00:00Z,233.7,0.0,True
TAO,2026-05-03T00:00:00Z,1d,MAX,UNIQUE_TOP_CANDIDATE,-10.5,2026-04-22T12:00:00Z,1,EXTENSION,1.272,EXTENSION_1.272,HIGH,2026-05-19T05:05:16Z,2026-05-19T00:00:00Z,227.27,0.0,True
TAO,2026-05-03T00:00:00Z,1d,MAX,UNIQUE_TOP_CANDIDATE,-10.5,2026-04-22T12:00:00Z,2,EXTENSION,1.618,EXTENSION_1.618,HIGH,2026-05-26T11:28:19Z,2026-05-26T00:00:00Z,250.55,0.0,True
TAO,2026-05-03T00:00:00Z,1d,MAX,UNIQUE_TOP_CANDIDATE,-10.5,2026-04-22T12:00:00Z,3,EXTENSION,2.618,EXTENSION_2.618,HIGH,2026-06-16T11:28:19Z,2026-06-16T00:00:00Z,233.7,0.0,True
XLM,2024-11-03T00:00:00Z,1d,STRICT,UNIQUE_TOP_CANDIDATE,10.0,2024-11-13T00:00:00Z,1,EXTENSION,1.272,EXTENSION_1.272,HIGH,2024-12-09T17:05:16Z,2024-12-09T00:00:00Z,0.46633,0.0,True
XLM,2024-11-03T00:00:00Z,1d,STRICT,UNIQUE_TOP_CANDIDATE,10.0,2024-11-13T00:00:00Z,2,EXTENSION,1.618,EXTENSION_1.618,HIGH,2024-12-16T23:28:19Z,2024-12-16T00:00:00Z,0.425,0.0,True
XLM,2024-11-03T00:00:00Z,1d,STRICT,UNIQUE_TOP_CANDIDATE,10.0,2024-11-13T00:00:00Z,3,EXTENSION,2.618,EXTENSION_2.618,HIGH,2025-01-06T23:28:19Z,2025-01-06T00:00:00Z,0.44641,0.0,True
XLM,2024-11-03T00:00:00Z,1d,NORMAL,UNIQUE_TOP_CANDIDATE,10.0,2024-11-13T00:00:00Z,1,EXTENSION,1.272,EXTENSION_1.272,HIGH,2024-12-09T17:05:16Z,2024-12-09T00:00:00Z,0.46633,0.0,True
XLM,2024-11-03T00:00:00Z,1d,NORMAL,UNIQUE_TOP_CANDIDATE,10.0,2024-11-13T00:00:00Z,2,EXTENSION,1.618,EXTENSION_1.618,HIGH,2024-12-16T23:28:19Z,2024-12-16T00:00:00Z,0.425,0.0,True
XLM,2024-11-03T00:00:00Z,1d,NORMAL,UNIQUE_TOP_CANDIDATE,10.0,2024-11-13T00:00:00Z,3,EXTENSION,2.618,EXTENSION_2.618,HIGH,2025-01-06T23:28:19Z,2025-01-06T00:00:00Z,0.44641,0.0,True
XLM,2024-11-03T00:00:00Z,1d,MAX,UNIQUE_TOP_CANDIDATE,10.0,2024-11-13T00:00:00Z,1,EXTENSION,1.272,EXTENSION_1.272,HIGH,2024-12-09T17:05:16Z,2024-12-09T00:00:00Z,0.46633,0.0,True
XLM,2024-11-03T00:00:00Z,1d,MAX,UNIQUE_TOP_CANDIDATE,10.0,2024-11-13T00:00:00Z,2,EXTENSION,1.618,EXTENSION_1.618,HIGH,2024-12-16T23:28:19Z,2024-12-16T00:00:00Z,0.425,0.0,True
XLM,2024-11-03T00:00:00Z,1d,MAX,UNIQUE_TOP_CANDIDATE,10.0,2024-11-13T00:00:00Z,3,EXTENSION,2.618,EXTENSION_2.618,HIGH,2025-01-06T23:28:19Z,2025-01-06T00:00:00Z,0.44641,0.0,True
XLM,2024-11-24T00:00:00Z,1d,STRICT,UNIQUE_TOP_CANDIDATE,-10.5,2024-11-13T12:00:00Z,1,EXTENSION,1.272,EXTENSION_1.272,HIGH,2024-12-10T05:05:16Z,2024-12-10T00:00:00Z,0.41793,0.0,True
XLM,2024-11-24T00:00:00Z,1d,STRICT,UNIQUE_TOP_CANDIDATE,-10.5,2024-11-13T12:00:00Z,2,EXTENSION,1.618,EXTENSION_1.618,HIGH,2024-12-17T11:28:19Z,2024-12-17T00:00:00Z,0.44972,0.0,True
XLM,2024-11-24T00:00:00Z,1d,STRICT,UNIQUE_TOP_CANDIDATE,-10.5,2024-11-13T12:00:00Z,3,EXTENSION,2.618,EXTENSION_2.618,HIGH,2025-01-07T11:28:19Z,2025-01-07T00:00:00Z,0.4519,0.0,True
XLM,2024-11-24T00:00:00Z,1d,NORMAL,UNIQUE_TOP_CANDIDATE,-10.5,2024-11-13T12:00:00Z,1,EXTENSION,1.272,EXTENSION_1.272,HIGH,2024-12-10T05:05:16Z,2024-12-10T00:00:00Z,0.41793,0.0,True
XLM,2024-11-24T00:00:00Z,1d,NORMAL,UNIQUE_TOP_CANDIDATE,-10.5,2024-11-13T12:00:00Z,2,EXTENSION,1.618,EXTENSION_1.618,HIGH,2024-12-17T11:28:19Z,2024-12-17T00:00:00Z,0.44972,0.0,True
XLM,2024-11-24T00:00:00Z,1d,NORMAL,UNIQUE_TOP_CANDIDATE,-10.5,2024-11-13T12:00:00Z,3,EXTENSION,2.618,EXTENSION_2.618,HIGH,2025-01-07T11:28:19Z,2025-01-07T00:00:00Z,0.4519,0.0,True
XLM,2024-11-24T00:00:00Z,1d,MAX,UNIQUE_TOP_CANDIDATE,-10.5,2024-11-13T12:00:00Z,1,EXTENSION,1.272,EXTENSION_1.272,HIGH,2024-12-10T05:05:16Z,2024-12-10T00:00:00Z,0.41793,0.0,True
XLM,2024-11-24T00:00:00Z,1d,MAX,UNIQUE_TOP_CANDIDATE,-10.5,2024-11-13T12:00:00Z,2,EXTENSION,1.618,EXTENSION_1.618,HIGH,2024-12-17T11:28:19Z,2024-12-17T00:00:00Z,0.44972,0.0,True
XLM,2024-11-24T00:00:00Z,1d,MAX,UNIQUE_TOP_CANDIDATE,-10.5,2024-11-13T12:00:00Z,3,EXTENSION,2.618,EXTENSION_2.618,HIGH,2025-01-07T11:28:19Z,2025-01-07T00:00:00Z,0.4519,0.0,True
XLM,2025-01-05T00:00:00Z,1d,NORMAL,UNIQUE_TOP_CANDIDATE,-6.0,2024-12-30T00:00:00Z,1,EXTENSION,1.272,EXTENSION_1.272,HIGH,2025-01-25T17:05:16Z,2025-01-25T00:00:00Z,0.41619,0.0,True
XLM,2025-01-05T00:00:00Z,1d,NORMAL,UNIQUE_TOP_CANDIDATE,-6.0,2024-12-30T00:00:00Z,2,EXTENSION,1.618,EXTENSION_1.618,HIGH,2025-02-01T23:28:19Z,2025-02-01T00:00:00Z,0.40576,0.0,True
XLM,2025-01-05T00:00:00Z,1d,NORMAL,UNIQUE_TOP_CANDIDATE,-6.0,2024-12-30T00:00:00Z,3,EXTENSION,2.618,EXTENSION_2.618,HIGH,2025-02-22T23:28:19Z,2025-02-22T00:00:00Z,0.32486,0.0,True
XLM,2025-01-05T00:00:00Z,1d,MAX,UNIQUE_TOP_CANDIDATE,-6.0,2024-12-30T00:00:00Z,1,EXTENSION,1.272,EXTENSION_1.272,HIGH,2025-01-25T17:05:16Z,2025-01-25T00:00:00Z,0.41619,0.0,True
XLM,2025-01-05T00:00:00Z,1d,MAX,UNIQUE_TOP_CANDIDATE,-6.0,2024-12-30T00:00:00Z,2,EXTENSION,1.618,EXTENSION_1.618,HIGH,2025-02-01T23:28:19Z,2025-02-01T00:00:00Z,0.40576,0.0,True
XLM,2025-01-05T00:00:00Z,1d,MAX,UNIQUE_TOP_CANDIDATE,-6.0,2024-12-30T00:00:00Z,3,EXTENSION,2.618,EXTENSION_2.618,HIGH,2025-02-22T23:28:19Z,2025-02-22T00:00:00Z,0.32486,0.0,True
XLM,2025-01-26T00:00:00Z,1d,STRICT,UNIQUE_TOP_CANDIDATE,0.0,2025-01-26T00:00:00Z,1,EXTENSION,1.272,EXTENSION_1.272,HIGH,2025-02-21T17:05:16Z,2025-02-21T00:00:00Z,0.33101,0.0,True
XLM,2025-01-26T00:00:00Z,1d,STRICT,UNIQUE_TOP_CANDIDATE,0.0,2025-01-26T00:00:00Z,2,EXTENSION,1.618,EXTENSION_1.618,HIGH,2025-02-28T23:28:19Z,2025-02-28T00:00:00Z,0.27785,0.0,True
XLM,2025-01-26T00:00:00Z,1d,STRICT,UNIQUE_TOP_CANDIDATE,0.0,2025-01-26T00:00:00Z,3,EXTENSION,2.618,EXTENSION_2.618,HIGH,2025-03-21T23:28:19Z,2025-03-21T00:00:00Z,0.265,0.0,True
XLM,2025-01-26T00:00:00Z,1d,NORMAL,UNIQUE_TOP_CANDIDATE,0.0,2025-01-26T00:00:00Z,1,EXTENSION,1.272,EXTENSION_1.272,HIGH,2025-02-21T17:05:16Z,2025-02-21T00:00:00Z,0.33101,0.0,True
XLM,2025-01-26T00:00:00Z,1d,NORMAL,UNIQUE_TOP_CANDIDATE,0.0,2025-01-26T00:00:00Z,2,EXTENSION,1.618,EXTENSION_1.618,HIGH,2025-02-28T23:28:19Z,2025-02-28T00:00:00Z,0.27785,0.0,True
XLM,2025-01-26T00:00:00Z,1d,NORMAL,UNIQUE_TOP_CANDIDATE,0.0,2025-01-26T00:00:00Z,3,EXTENSION,2.618,EXTENSION_2.618,HIGH,2025-03-21T23:28:19Z,2025-03-21T00:00:00Z,0.265,0.0,True
XLM,2025-01-26T00:00:00Z,1d,MAX,UNIQUE_TOP_CANDIDATE,0.0,2025-01-26T00:00:00Z,1,EXTENSION,1.272,EXTENSION_1.272,HIGH,2025-02-21T17:05:16Z,2025-02-21T00:00:00Z,0.33101,0.0,True
XLM,2025-01-26T00:00:00Z,1d,MAX,UNIQUE_TOP_CANDIDATE,0.0,2025-01-26T00:00:00Z,2,EXTENSION,1.618,EXTENSION_1.618,HIGH,2025-02-28T23:28:19Z,2025-02-28T00:00:00Z,0.27785,0.0,True
XLM,2025-01-26T00:00:00Z,1d,MAX,UNIQUE_TOP_CANDIDATE,0.0,2025-01-26T00:00:00Z,3,EXTENSION,2.618,EXTENSION_2.618,HIGH,2025-03-21T23:28:19Z,2025-03-21T00:00:00Z,0.265,0.0,True
XLM,2025-02-16T00:00:00Z,1d,MAX,UNIQUE_TOP_CANDIDATE,-7.0,2025-02-09T00:00:00Z,1,EXTENSION,1.272,EXTENSION_1.272,HIGH,2025-03-07T17:05:16Z,2025-03-07T00:00:00Z,0.27906,0.0,True
XLM,2025-02-16T00:00:00Z,1d,MAX,UNIQUE_TOP_CANDIDATE,-7.0,2025-02-09T00:00:00Z,2,EXTENSION,1.618,EXTENSION_1.618,HIGH,2025-03-14T23:28:19Z,2025-03-14T00:00:00Z,0.26065,0.0,True
XLM,2025-02-16T00:00:00Z,1d,MAX,UNIQUE_TOP_CANDIDATE,-7.0,2025-02-09T00:00:00Z,3,EXTENSION,2.618,EXTENSION_2.618,HIGH,2025-04-04T23:28:19Z,2025-04-04T00:00:00Z,0.24098,0.0,True
XLM,2025-03-09T00:00:00Z,1d,STRICT,UNIQUE_TOP_CANDIDATE,-6.0,2025-03-03T00:00:00Z,1,EXTENSION,1.272,EXTENSION_1.272,HIGH,2025-03-29T17:05:16Z,2025-03-29T00:00:00Z,0.2558,0.0,True
XLM,2025-03-09T00:00:00Z,1d,STRICT,UNIQUE_TOP_CANDIDATE,-6.0,2025-03-03T00:00:00Z,2,EXTENSION,1.618,EXTENSION_1.618,HIGH,2025-04-05T23:28:19Z,2025-04-05T00:00:00Z,0.23786,0.0,True
XLM,2025-03-09T00:00:00Z,1d,STRICT,UNIQUE_TOP_CANDIDATE,-6.0,2025-03-03T00:00:00Z,3,EXTENSION,2.618,EXTENSION_2.618,HIGH,2025-04-26T23:28:19Z,2025-04-26T00:00:00Z,0.26172,0.0,True
XLM,2025-03-09T00:00:00Z,1d,NORMAL,UNIQUE_TOP_CANDIDATE,-6.0,2025-03-03T00:00:00Z,1,EXTENSION,1.272,EXTENSION_1.272,HIGH,2025-03-29T17:05:16Z,2025-03-29T00:00:00Z,0.2558,0.0,True
XLM,2025-03-09T00:00:00Z,1d,NORMAL,UNIQUE_TOP_CANDIDATE,-6.0,2025-03-03T00:00:00Z,2,EXTENSION,1.618,EXTENSION_1.618,HIGH,2025-04-05T23:28:19Z,2025-04-05T00:00:00Z,0.23786,0.0,True
XLM,2025-03-09T00:00:00Z,1d,NORMAL,UNIQUE_TOP_CANDIDATE,-6.0,2025-03-03T00:00:00Z,3,EXTENSION,2.618,EXTENSION_2.618,HIGH,2025-04-26T23:28:19Z,2025-04-26T00:00:00Z,0.26172,0.0,True
XLM,2025-03-09T00:00:00Z,1d,MAX,UNIQUE_TOP_CANDIDATE,-6.0,2025-03-03T00:00:00Z,1,EXTENSION,1.272,EXTENSION_1.272,HIGH,2025-03-29T17:05:16Z,2025-03-29T00:00:00Z,0.2558,0.0,True
XLM,2025-03-09T00:00:00Z,1d,MAX,UNIQUE_TOP_CANDIDATE,-6.0,2025-03-03T00:00:00Z,2,EXTENSION,1.618,EXTENSION_1.618,HIGH,2025-04-05T23:28:19Z,2025-04-05T00:00:00Z,0.23786,0.0,True
XLM,2025-03-09T00:00:00Z,1d,MAX,UNIQUE_TOP_CANDIDATE,-6.0,2025-03-03T00:00:00Z,3,EXTENSION,2.618,EXTENSION_2.618,HIGH,2025-04-26T23:28:19Z,2025-04-26T00:00:00Z,0.26172,0.0,True
XLM,2025-04-20T00:00:00Z,1d,STRICT,UNIQUE_TOP_CANDIDATE,-3.0,2025-04-17T00:00:00Z,1,EXTENSION,1.272,EXTENSION_1.272,HIGH,2025-05-13T17:05:16Z,2025-05-13T00:00:00Z,0.28443,0.0,True
XLM,2025-04-20T00:00:00Z,1d,STRICT,UNIQUE_TOP_CANDIDATE,-3.0,2025-04-17T00:00:00Z,2,EXTENSION,1.618,EXTENSION_1.618,HIGH,2025-05-20T23:28:19Z,2025-05-20T00:00:00Z,0.25756,0.0,True
XLM,2025-04-20T00:00:00Z,1d,STRICT,UNIQUE_TOP_CANDIDATE,-3.0,2025-04-17T00:00:00Z,3,EXTENSION,2.618,EXTENSION_2.618,HIGH,2025-06-10T23:28:19Z,2025-06-10T00:00:00Z,0.24621,0.0,True
XLM,2025-04-20T00:00:00Z,1d,NORMAL,UNIQUE_TOP_CANDIDATE,-3.0,2025-04-17T00:00:00Z,1,EXTENSION,1.272,EXTENSION_1.272,HIGH,2025-05-13T17:05:16Z,2025-05-13T00:00:00Z,0.28443,0.0,True
XLM,2025-04-20T00:00:00Z,1d,NORMAL,UNIQUE_TOP_CANDIDATE,-3.0,2025-04-17T00:00:00Z,2,EXTENSION,1.618,EXTENSION_1.618,HIGH,2025-05-20T23:28:19Z,2025-05-20T00:00:00Z,0.25756,0.0,True
XLM,2025-04-20T00:00:00Z,1d,NORMAL,UNIQUE_TOP_CANDIDATE,-3.0,2025-04-17T00:00:00Z,3,EXTENSION,2.618,EXTENSION_2.618,HIGH,2025-06-10T23:28:19Z,2025-06-10T00:00:00Z,0.24621,0.0,True
XLM,2025-04-20T00:00:00Z,1d,MAX,UNIQUE_TOP_CANDIDATE,-3.0,2025-04-17T00:00:00Z,1,EXTENSION,1.272,EXTENSION_1.272,HIGH,2025-05-13T17:05:16Z,2025-05-13T00:00:00Z,0.28443,0.0,True
XLM,2025-04-20T00:00:00Z,1d,MAX,UNIQUE_TOP_CANDIDATE,-3.0,2025-04-17T00:00:00Z,2,EXTENSION,1.618,EXTENSION_1.618,HIGH,2025-05-20T23:28:19Z,2025-05-20T00:00:00Z,0.25756,0.0,True
XLM,2025-04-20T00:00:00Z,1d,MAX,UNIQUE_TOP_CANDIDATE,-3.0,2025-04-17T00:00:00Z,3,EXTENSION,2.618,EXTENSION_2.618,HIGH,2025-06-10T23:28:19Z,2025-06-10T00:00:00Z,0.24621,0.0,True
XLM,2025-05-11T00:00:00Z,1d,MAX,UNIQUE_TOP_CANDIDATE,9.0,2025-05-20T00:00:00Z,1,EXTENSION,1.272,EXTENSION_1.272,HIGH,2025-06-15T17:05:16Z,2025-06-15T00:00:00Z,0.22486,0.0,True
XLM,2025-05-11T00:00:00Z,1d,MAX,UNIQUE_TOP_CANDIDATE,9.0,2025-05-20T00:00:00Z,2,EXTENSION,1.618,EXTENSION_1.618,HIGH,2025-06-22T23:28:19Z,2025-06-22T00:00:00Z,0.20731,0.0,True
XLM,2025-05-11T00:00:00Z,1d,MAX,UNIQUE_TOP_CANDIDATE,9.0,2025-05-20T00:00:00Z,3,EXTENSION,2.618,EXTENSION_2.618,HIGH,2025-07-13T23:28:19Z,2025-07-13T00:00:00Z,0.4094,0.0,True
XLM,2025-06-01T00:00:00Z,1d,STRICT,UNIQUE_TOP_CANDIDATE,-9.0,2025-05-23T00:00:00Z,1,EXTENSION,1.272,EXTENSION_1.272,HIGH,2025-06-18T17:05:16Z,2025-06-18T00:00:00Z,0.22093,0.0,True
XLM,2025-06-01T00:00:00Z,1d,STRICT,UNIQUE_TOP_CANDIDATE,-9.0,2025-05-23T00:00:00Z,2,EXTENSION,1.618,EXTENSION_1.618,HIGH,2025-06-25T23:28:19Z,2025-06-25T00:00:00Z,0.21461,0.0,True
XLM,2025-06-01T00:00:00Z,1d,STRICT,UNIQUE_TOP_CANDIDATE,-9.0,2025-05-23T00:00:00Z,3,EXTENSION,2.618,EXTENSION_2.618,HIGH,2025-07-16T23:28:19Z,2025-07-16T00:00:00Z,0.4151,0.0,True
XLM,2025-06-01T00:00:00Z,1d,NORMAL,UNIQUE_TOP_CANDIDATE,-9.0,2025-05-23T00:00:00Z,1,EXTENSION,1.272,EXTENSION_1.272,HIGH,2025-06-18T17:05:16Z,2025-06-18T00:00:00Z,0.22093,0.0,True
XLM,2025-06-01T00:00:00Z,1d,NORMAL,UNIQUE_TOP_CANDIDATE,-9.0,2025-05-23T00:00:00Z,2,EXTENSION,1.618,EXTENSION_1.618,HIGH,2025-06-25T23:28:19Z,2025-06-25T00:00:00Z,0.21461,0.0,True
XLM,2025-06-01T00:00:00Z,1d,NORMAL,UNIQUE_TOP_CANDIDATE,-9.0,2025-05-23T00:00:00Z,3,EXTENSION,2.618,EXTENSION_2.618,HIGH,2025-07-16T23:28:19Z,2025-07-16T00:00:00Z,0.4151,0.0,True
XLM,2025-06-01T00:00:00Z,1d,MAX,UNIQUE_TOP_CANDIDATE,-9.0,2025-05-23T00:00:00Z,1,EXTENSION,1.272,EXTENSION_1.272,HIGH,2025-06-18T17:05:16Z,2025-06-18T00:00:00Z,0.22093,0.0,True
XLM,2025-06-01T00:00:00Z,1d,MAX,UNIQUE_TOP_CANDIDATE,-9.0,2025-05-23T00:00:00Z,2,EXTENSION,1.618,EXTENSION_1.618,HIGH,2025-06-25T23:28:19Z,2025-06-25T00:00:00Z,0.21461,0.0,True
XLM,2025-06-01T00:00:00Z,1d,MAX,UNIQUE_TOP_CANDIDATE,-9.0,2025-05-23T00:00:00Z,3,EXTENSION,2.618,EXTENSION_2.618,HIGH,2025-07-16T23:28:19Z,2025-07-16T00:00:00Z,0.4151,0.0,True
XLM,2025-07-13T00:00:00Z,1d,STRICT,UNIQUE_TOP_CANDIDATE,5.0,2025-07-18T00:00:00Z,1,EXTENSION,1.272,EXTENSION_1.272,HIGH,2025-08-13T17:05:16Z,2025-08-13T00:00:00Z,0.3925,0.0,True
XLM,2025-07-13T00:00:00Z,1d,STRICT,UNIQUE_TOP_CANDIDATE,5.0,2025-07-18T00:00:00Z,2,EXTENSION,1.618,EXTENSION_1.618,HIGH,2025-08-20T23:28:19Z,2025-08-20T00:00:00Z,0.3504,0.0,True
XLM,2025-07-13T00:00:00Z,1d,STRICT,UNIQUE_TOP_CANDIDATE,5.0,2025-07-18T00:00:00Z,3,EXTENSION,2.618,EXTENSION_2.618,HIGH,2025-09-10T23:28:19Z,2025-09-10T00:00:00Z,0.3294,0.0,True
XLM,2025-07-13T00:00:00Z,1d,NORMAL,UNIQUE_TOP_CANDIDATE,5.0,2025-07-18T00:00:00Z,1,EXTENSION,1.272,EXTENSION_1.272,HIGH,2025-08-13T17:05:16Z,2025-08-13T00:00:00Z,0.3925,0.0,True
XLM,2025-07-13T00:00:00Z,1d,NORMAL,UNIQUE_TOP_CANDIDATE,5.0,2025-07-18T00:00:00Z,2,EXTENSION,1.618,EXTENSION_1.618,HIGH,2025-08-20T23:28:19Z,2025-08-20T00:00:00Z,0.3504,0.0,True
XLM,2025-07-13T00:00:00Z,1d,NORMAL,UNIQUE_TOP_CANDIDATE,5.0,2025-07-18T00:00:00Z,3,EXTENSION,2.618,EXTENSION_2.618,HIGH,2025-09-10T23:28:19Z,2025-09-10T00:00:00Z,0.3294,0.0,True
XLM,2025-07-13T00:00:00Z,1d,MAX,UNIQUE_TOP_CANDIDATE,5.0,2025-07-18T00:00:00Z,1,EXTENSION,1.272,EXTENSION_1.272,HIGH,2025-08-13T17:05:16Z,2025-08-13T00:00:00Z,0.3925,0.0,True
XLM,2025-07-13T00:00:00Z,1d,MAX,UNIQUE_TOP_CANDIDATE,5.0,2025-07-18T00:00:00Z,2,EXTENSION,1.618,EXTENSION_1.618,HIGH,2025-08-20T23:28:19Z,2025-08-20T00:00:00Z,0.3504,0.0,True
XLM,2025-07-13T00:00:00Z,1d,MAX,UNIQUE_TOP_CANDIDATE,5.0,2025-07-18T00:00:00Z,3,EXTENSION,2.618,EXTENSION_2.618,HIGH,2025-09-10T23:28:19Z,2025-09-10T00:00:00Z,0.3294,0.0,True
XLM,2025-08-24T00:00:00Z,1d,STRICT,UNIQUE_TOP_CANDIDATE,6.0,2025-08-30T00:00:00Z,1,EXTENSION,1.272,EXTENSION_1.272,HIGH,2025-09-25T17:05:16Z,2025-09-25T00:00:00Z,0.32085,0.0,True
XLM,2025-08-24T00:00:00Z,1d,STRICT,UNIQUE_TOP_CANDIDATE,6.0,2025-08-30T00:00:00Z,2,EXTENSION,1.618,EXTENSION_1.618,HIGH,2025-10-02T23:28:19Z,2025-10-02T00:00:00Z,0.35348,0.0,True
XLM,2025-08-24T00:00:00Z,1d,STRICT,UNIQUE_TOP_CANDIDATE,6.0,2025-08-30T00:00:00Z,3,EXTENSION,2.618,EXTENSION_2.618,HIGH,2025-10-23T23:28:19Z,2025-10-23T00:00:00Z,0.27306,0.0,True
XLM,2025-08-24T00:00:00Z,1d,NORMAL,UNIQUE_TOP_CANDIDATE,6.0,2025-08-30T00:00:00Z,1,EXTENSION,1.272,EXTENSION_1.272,HIGH,2025-09-25T17:05:16Z,2025-09-25T00:00:00Z,0.32085,0.0,True
XLM,2025-08-24T00:00:00Z,1d,NORMAL,UNIQUE_TOP_CANDIDATE,6.0,2025-08-30T00:00:00Z,2,EXTENSION,1.618,EXTENSION_1.618,HIGH,2025-10-02T23:28:19Z,2025-10-02T00:00:00Z,0.35348,0.0,True
XLM,2025-08-24T00:00:00Z,1d,NORMAL,UNIQUE_TOP_CANDIDATE,6.0,2025-08-30T00:00:00Z,3,EXTENSION,2.618,EXTENSION_2.618,HIGH,2025-10-23T23:28:19Z,2025-10-23T00:00:00Z,0.27306,0.0,True
XLM,2025-08-24T00:00:00Z,1d,MAX,UNIQUE_TOP_CANDIDATE,6.0,2025-08-30T00:00:00Z,1,EXTENSION,1.272,EXTENSION_1.272,HIGH,2025-09-25T17:05:16Z,2025-09-25T00:00:00Z,0.32085,0.0,True
XLM,2025-08-24T00:00:00Z,1d,MAX,UNIQUE_TOP_CANDIDATE,6.0,2025-08-30T00:00:00Z,2,EXTENSION,1.618,EXTENSION_1.618,HIGH,2025-10-02T23:28:19Z,2025-10-02T00:00:00Z,0.35348,0.0,True
XLM,2025-08-24T00:00:00Z,1d,MAX,UNIQUE_TOP_CANDIDATE,6.0,2025-08-30T00:00:00Z,3,EXTENSION,2.618,EXTENSION_2.618,HIGH,2025-10-23T23:28:19Z,2025-10-23T00:00:00Z,0.27306,0.0,True
XLM,2025-09-14T00:00:00Z,1d,STRICT,UNIQUE_TOP_CANDIDATE,0.0,2025-09-14T00:00:00Z,1,EXTENSION,1.272,EXTENSION_1.272,HIGH,2025-10-10T17:05:16Z,2025-10-10T00:00:00Z,0.33373,0.0,True
XLM,2025-09-14T00:00:00Z,1d,STRICT,UNIQUE_TOP_CANDIDATE,0.0,2025-09-14T00:00:00Z,2,EXTENSION,1.618,EXTENSION_1.618,HIGH,2025-10-17T23:28:19Z,2025-10-17T00:00:00Z,0.27136,0.0,True
XLM,2025-09-14T00:00:00Z,1d,STRICT,UNIQUE_TOP_CANDIDATE,0.0,2025-09-14T00:00:00Z,3,EXTENSION,2.618,EXTENSION_2.618,HIGH,2025-11-07T23:28:19Z,2025-11-07T00:00:00Z,0.25319,0.0,True
XLM,2025-09-14T00:00:00Z,1d,NORMAL,UNIQUE_TOP_CANDIDATE,0.0,2025-09-14T00:00:00Z,1,EXTENSION,1.272,EXTENSION_1.272,HIGH,2025-10-10T17:05:16Z,2025-10-10T00:00:00Z,0.33373,0.0,True
XLM,2025-09-14T00:00:00Z,1d,NORMAL,UNIQUE_TOP_CANDIDATE,0.0,2025-09-14T00:00:00Z,2,EXTENSION,1.618,EXTENSION_1.618,HIGH,2025-10-17T23:28:19Z,2025-10-17T00:00:00Z,0.27136,0.0,True
XLM,2025-09-14T00:00:00Z,1d,NORMAL,UNIQUE_TOP_CANDIDATE,0.0,2025-09-14T00:00:00Z,3,EXTENSION,2.618,EXTENSION_2.618,HIGH,2025-11-07T23:28:19Z,2025-11-07T00:00:00Z,0.25319,0.0,True
XLM,2025-09-14T00:00:00Z,1d,MAX,UNIQUE_TOP_CANDIDATE,0.0,2025-09-14T00:00:00Z,1,EXTENSION,1.272,EXTENSION_1.272,HIGH,2025-10-10T17:05:16Z,2025-10-10T00:00:00Z,0.33373,0.0,True
XLM,2025-09-14T00:00:00Z,1d,MAX,UNIQUE_TOP_CANDIDATE,0.0,2025-09-14T00:00:00Z,2,EXTENSION,1.618,EXTENSION_1.618,HIGH,2025-10-17T23:28:19Z,2025-10-17T00:00:00Z,0.27136,0.0,True
XLM,2025-09-14T00:00:00Z,1d,MAX,UNIQUE_TOP_CANDIDATE,0.0,2025-09-14T00:00:00Z,3,EXTENSION,2.618,EXTENSION_2.618,HIGH,2025-11-07T23:28:19Z,2025-11-07T00:00:00Z,0.25319,0.0,True
XLM,2025-10-05T00:00:00Z,1d,MAX,UNIQUE_TOP_CANDIDATE,2.0,2025-10-07T00:00:00Z,1,EXTENSION,1.272,EXTENSION_1.272,HIGH,2025-11-02T17:05:16Z,2025-11-02T00:00:00Z,0.26632,0.0,True
XLM,2025-10-05T00:00:00Z,1d,MAX,UNIQUE_TOP_CANDIDATE,2.0,2025-10-07T00:00:00Z,2,EXTENSION,1.618,EXTENSION_1.618,HIGH,2025-11-09T23:28:19Z,2025-11-09T00:00:00Z,0.24891,0.0,True
XLM,2025-10-05T00:00:00Z,1d,MAX,UNIQUE_TOP_CANDIDATE,2.0,2025-10-07T00:00:00Z,3,EXTENSION,2.618,EXTENSION_2.618,HIGH,2025-11-30T23:28:19Z,2025-11-30T00:00:00Z,0.22052,0.0,True
XLM,2025-10-26T00:00:00Z,1d,NORMAL,UNIQUE_TOP_CANDIDATE,10.0,2025-11-05T00:00:00Z,1,EXTENSION,1.272,EXTENSION_1.272,HIGH,2025-12-01T17:05:16Z,2025-12-01T00:00:00Z,0.21444,0.0,True
XLM,2025-10-26T00:00:00Z,1d,NORMAL,UNIQUE_TOP_CANDIDATE,10.0,2025-11-05T00:00:00Z,2,EXTENSION,1.618,EXTENSION_1.618,HIGH,2025-12-08T23:28:19Z,2025-12-08T00:00:00Z,0.212,0.0,True
XLM,2025-10-26T00:00:00Z,1d,NORMAL,UNIQUE_TOP_CANDIDATE,10.0,2025-11-05T00:00:00Z,3,EXTENSION,2.618,EXTENSION_2.618,HIGH,2025-12-29T23:28:19Z,2025-12-29T00:00:00Z,0.19324,0.0,True
XLM,2025-10-26T00:00:00Z,1d,MAX,UNIQUE_TOP_CANDIDATE,10.0,2025-11-05T00:00:00Z,1,EXTENSION,1.272,EXTENSION_1.272,HIGH,2025-12-01T17:05:16Z,2025-12-01T00:00:00Z,0.21444,0.0,True
XLM,2025-10-26T00:00:00Z,1d,MAX,UNIQUE_TOP_CANDIDATE,10.0,2025-11-05T00:00:00Z,2,EXTENSION,1.618,EXTENSION_1.618,HIGH,2025-12-08T23:28:19Z,2025-12-08T00:00:00Z,0.212,0.0,True
XLM,2025-10-26T00:00:00Z,1d,MAX,UNIQUE_TOP_CANDIDATE,10.0,2025-11-05T00:00:00Z,3,EXTENSION,2.618,EXTENSION_2.618,HIGH,2025-12-29T23:28:19Z,2025-12-29T00:00:00Z,0.19324,0.0,True
XLM,2025-11-16T00:00:00Z,1d,STRICT,UNIQUE_TOP_CANDIDATE,-2.0,2025-11-14T00:00:00Z,1,EXTENSION,1.272,EXTENSION_1.272,HIGH,2025-12-10T17:05:16Z,2025-12-10T00:00:00Z,0.2226,0.0,True
XLM,2025-11-16T00:00:00Z,1d,STRICT,UNIQUE_TOP_CANDIDATE,-2.0,2025-11-14T00:00:00Z,2,EXTENSION,1.618,EXTENSION_1.618,HIGH,2025-12-17T23:28:19Z,2025-12-17T00:00:00Z,0.19146,0.0,True
XLM,2025-11-16T00:00:00Z,1d,STRICT,UNIQUE_TOP_CANDIDATE,-2.0,2025-11-14T00:00:00Z,3,EXTENSION,2.618,EXTENSION_2.618,HIGH,2026-01-07T23:28:19Z,2026-01-07T00:00:00Z,0.20852,0.0,True
XLM,2025-11-16T00:00:00Z,1d,NORMAL,UNIQUE_TOP_CANDIDATE,-2.0,2025-11-14T00:00:00Z,1,EXTENSION,1.272,EXTENSION_1.272,HIGH,2025-12-10T17:05:16Z,2025-12-10T00:00:00Z,0.2226,0.0,True
XLM,2025-11-16T00:00:00Z,1d,NORMAL,UNIQUE_TOP_CANDIDATE,-2.0,2025-11-14T00:00:00Z,2,EXTENSION,1.618,EXTENSION_1.618,HIGH,2025-12-17T23:28:19Z,2025-12-17T00:00:00Z,0.19146,0.0,True
XLM,2025-11-16T00:00:00Z,1d,NORMAL,UNIQUE_TOP_CANDIDATE,-2.0,2025-11-14T00:00:00Z,3,EXTENSION,2.618,EXTENSION_2.618,HIGH,2026-01-07T23:28:19Z,2026-01-07T00:00:00Z,0.20852,0.0,True
XLM,2025-11-16T00:00:00Z,1d,MAX,UNIQUE_TOP_CANDIDATE,-2.0,2025-11-14T00:00:00Z,1,EXTENSION,1.272,EXTENSION_1.272,HIGH,2025-12-10T17:05:16Z,2025-12-10T00:00:00Z,0.2226,0.0,True
XLM,2025-11-16T00:00:00Z,1d,MAX,UNIQUE_TOP_CANDIDATE,-2.0,2025-11-14T00:00:00Z,2,EXTENSION,1.618,EXTENSION_1.618,HIGH,2025-12-17T23:28:19Z,2025-12-17T00:00:00Z,0.19146,0.0,True
XLM,2025-11-16T00:00:00Z,1d,MAX,UNIQUE_TOP_CANDIDATE,-2.0,2025-11-14T00:00:00Z,3,EXTENSION,2.618,EXTENSION_2.618,HIGH,2026-01-07T23:28:19Z,2026-01-07T00:00:00Z,0.20852,0.0,True
XLM,2025-12-07T00:00:00Z,1d,STRICT,UNIQUE_TOP_CANDIDATE,10.0,2025-12-17T00:00:00Z,1,EXTENSION,1.272,EXTENSION_1.272,HIGH,2026-01-12T17:05:16Z,2026-01-12T00:00:00Z,0.19603,0.0,True
XLM,2025-12-07T00:00:00Z,1d,STRICT,UNIQUE_TOP_CANDIDATE,10.0,2025-12-17T00:00:00Z,2,EXTENSION,1.618,EXTENSION_1.618,HIGH,2026-01-19T23:28:19Z,2026-01-19T00:00:00Z,0.18898,0.0,True
XLM,2025-12-07T00:00:00Z,1d,STRICT,UNIQUE_TOP_CANDIDATE,10.0,2025-12-17T00:00:00Z,3,EXTENSION,2.618,EXTENSION_2.618,HIGH,2026-02-09T23:28:19Z,2026-02-09T00:00:00Z,0.13869,0.0,True
XLM,2025-12-07T00:00:00Z,1d,NORMAL,UNIQUE_TOP_CANDIDATE,10.0,2025-12-17T00:00:00Z,1,EXTENSION,1.272,EXTENSION_1.272,HIGH,2026-01-12T17:05:16Z,2026-01-12T00:00:00Z,0.19603,0.0,True
XLM,2025-12-07T00:00:00Z,1d,NORMAL,UNIQUE_TOP_CANDIDATE,10.0,2025-12-17T00:00:00Z,2,EXTENSION,1.618,EXTENSION_1.618,HIGH,2026-01-19T23:28:19Z,2026-01-19T00:00:00Z,0.18898,0.0,True
XLM,2025-12-07T00:00:00Z,1d,NORMAL,UNIQUE_TOP_CANDIDATE,10.0,2025-12-17T00:00:00Z,3,EXTENSION,2.618,EXTENSION_2.618,HIGH,2026-02-09T23:28:19Z,2026-02-09T00:00:00Z,0.13869,0.0,True
XLM,2025-12-07T00:00:00Z,1d,MAX,UNIQUE_TOP_CANDIDATE,10.0,2025-12-17T00:00:00Z,1,EXTENSION,1.272,EXTENSION_1.272,HIGH,2026-01-12T17:05:16Z,2026-01-12T00:00:00Z,0.19603,0.0,True
XLM,2025-12-07T00:00:00Z,1d,MAX,UNIQUE_TOP_CANDIDATE,10.0,2025-12-17T00:00:00Z,2,EXTENSION,1.618,EXTENSION_1.618,HIGH,2026-01-19T23:28:19Z,2026-01-19T00:00:00Z,0.18898,0.0,True
XLM,2025-12-07T00:00:00Z,1d,MAX,UNIQUE_TOP_CANDIDATE,10.0,2025-12-17T00:00:00Z,3,EXTENSION,2.618,EXTENSION_2.618,HIGH,2026-02-09T23:28:19Z,2026-02-09T00:00:00Z,0.13869,0.0,True
XLM,2026-02-08T00:00:00Z,1d,STRICT,UNIQUE_TOP_CANDIDATE,5.0,2026-02-13T00:00:00Z,1,EXTENSION,1.272,EXTENSION_1.272,HIGH,2026-03-11T17:05:16Z,2026-03-11T00:00:00Z,0.14,0.0,True
XLM,2026-02-08T00:00:00Z,1d,STRICT,UNIQUE_TOP_CANDIDATE,5.0,2026-02-13T00:00:00Z,2,EXTENSION,1.618,EXTENSION_1.618,HIGH,2026-03-18T23:28:19Z,2026-03-18T00:00:00Z,0.15398,0.0,True
XLM,2026-02-08T00:00:00Z,1d,STRICT,UNIQUE_TOP_CANDIDATE,5.0,2026-02-13T00:00:00Z,3,EXTENSION,2.618,EXTENSION_2.618,HIGH,2026-04-08T23:28:19Z,2026-04-08T00:00:00Z,0.14151,0.0,True
XLM,2026-02-08T00:00:00Z,1d,NORMAL,UNIQUE_TOP_CANDIDATE,5.0,2026-02-13T00:00:00Z,1,EXTENSION,1.272,EXTENSION_1.272,HIGH,2026-03-11T17:05:16Z,2026-03-11T00:00:00Z,0.14,0.0,True
XLM,2026-02-08T00:00:00Z,1d,NORMAL,UNIQUE_TOP_CANDIDATE,5.0,2026-02-13T00:00:00Z,2,EXTENSION,1.618,EXTENSION_1.618,HIGH,2026-03-18T23:28:19Z,2026-03-18T00:00:00Z,0.15398,0.0,True
XLM,2026-02-08T00:00:00Z,1d,NORMAL,UNIQUE_TOP_CANDIDATE,5.0,2026-02-13T00:00:00Z,3,EXTENSION,2.618,EXTENSION_2.618,HIGH,2026-04-08T23:28:19Z,2026-04-08T00:00:00Z,0.14151,0.0,True
XLM,2026-02-08T00:00:00Z,1d,MAX,UNIQUE_TOP_CANDIDATE,5.0,2026-02-13T00:00:00Z,1,EXTENSION,1.272,EXTENSION_1.272,HIGH,2026-03-11T17:05:16Z,2026-03-11T00:00:00Z,0.14,0.0,True
XLM,2026-02-08T00:00:00Z,1d,MAX,UNIQUE_TOP_CANDIDATE,5.0,2026-02-13T00:00:00Z,2,EXTENSION,1.618,EXTENSION_1.618,HIGH,2026-03-18T23:28:19Z,2026-03-18T00:00:00Z,0.15398,0.0,True
XLM,2026-02-08T00:00:00Z,1d,MAX,UNIQUE_TOP_CANDIDATE,5.0,2026-02-13T00:00:00Z,3,EXTENSION,2.618,EXTENSION_2.618,HIGH,2026-04-08T23:28:19Z,2026-04-08T00:00:00Z,0.14151,0.0,True
XLM,2026-03-22T00:00:00Z,1d,STRICT,UNIQUE_TOP_CANDIDATE,-10.5,2026-03-11T12:00:00Z,1,EXTENSION,1.272,EXTENSION_1.272,HIGH,2026-04-07T05:05:16Z,2026-04-07T00:00:00Z,0.14097,0.0,True
XLM,2026-03-22T00:00:00Z,1d,STRICT,UNIQUE_TOP_CANDIDATE,-10.5,2026-03-11T12:00:00Z,2,EXTENSION,1.618,EXTENSION_1.618,HIGH,2026-04-14T11:28:19Z,2026-04-14T00:00:00Z,0.13453,0.0,True
XLM,2026-03-22T00:00:00Z,1d,STRICT,UNIQUE_TOP_CANDIDATE,-10.5,2026-03-11T12:00:00Z,3,EXTENSION,2.618,EXTENSION_2.618,HIGH,2026-05-05T11:28:19Z,2026-05-05T00:00:00Z,0.13796,0.0,True
XLM,2026-03-22T00:00:00Z,1d,NORMAL,UNIQUE_TOP_CANDIDATE,-10.5,2026-03-11T12:00:00Z,1,EXTENSION,1.272,EXTENSION_1.272,HIGH,2026-04-07T05:05:16Z,2026-04-07T00:00:00Z,0.14097,0.0,True
XLM,2026-03-22T00:00:00Z,1d,NORMAL,UNIQUE_TOP_CANDIDATE,-10.5,2026-03-11T12:00:00Z,2,EXTENSION,1.618,EXTENSION_1.618,HIGH,2026-04-14T11:28:19Z,2026-04-14T00:00:00Z,0.13453,0.0,True
XLM,2026-03-22T00:00:00Z,1d,NORMAL,UNIQUE_TOP_CANDIDATE,-10.5,2026-03-11T12:00:00Z,3,EXTENSION,2.618,EXTENSION_2.618,HIGH,2026-05-05T11:28:19Z,2026-05-05T00:00:00Z,0.13796,0.0,True
XLM,2026-03-22T00:00:00Z,1d,MAX,UNIQUE_TOP_CANDIDATE,-10.5,2026-03-11T12:00:00Z,1,EXTENSION,1.272,EXTENSION_1.272,HIGH,2026-04-07T05:05:16Z,2026-04-07T00:00:00Z,0.14097,0.0,True
XLM,2026-03-22T00:00:00Z,1d,MAX,UNIQUE_TOP_CANDIDATE,-10.5,2026-03-11T12:00:00Z,2,EXTENSION,1.618,EXTENSION_1.618,HIGH,2026-04-14T11:28:19Z,2026-04-14T00:00:00Z,0.13453,0.0,True
XLM,2026-03-22T00:00:00Z,1d,MAX,UNIQUE_TOP_CANDIDATE,-10.5,2026-03-11T12:00:00Z,3,EXTENSION,2.618,EXTENSION_2.618,HIGH,2026-05-05T11:28:19Z,2026-05-05T00:00:00Z,0.13796,0.0,True
XLM,2026-04-12T00:00:00Z,1d,STRICT,UNIQUE_TOP_CANDIDATE,-8.0,2026-04-04T00:00:00Z,1,EXTENSION,1.272,EXTENSION_1.272,HIGH,2026-04-30T17:05:16Z,2026-04-30T00:00:00Z,0.13773,0.0,True
XLM,2026-04-12T00:00:00Z,1d,STRICT,UNIQUE_TOP_CANDIDATE,-8.0,2026-04-04T00:00:00Z,2,EXTENSION,1.618,EXTENSION_1.618,HIGH,2026-05-07T23:28:19Z,2026-05-07T00:00:00Z,0.13847,0.0,True
XLM,2026-04-12T00:00:00Z,1d,STRICT,UNIQUE_TOP_CANDIDATE,-8.0,2026-04-04T00:00:00Z,3,EXTENSION,2.618,EXTENSION_2.618,HIGH,2026-05-28T23:28:19Z,2026-05-28T00:00:00Z,0.18633,0.0,True
XLM,2026-04-12T00:00:00Z,1d,NORMAL,UNIQUE_TOP_CANDIDATE,-8.0,2026-04-04T00:00:00Z,1,EXTENSION,1.272,EXTENSION_1.272,HIGH,2026-04-30T17:05:16Z,2026-04-30T00:00:00Z,0.13773,0.0,True
XLM,2026-04-12T00:00:00Z,1d,NORMAL,UNIQUE_TOP_CANDIDATE,-8.0,2026-04-04T00:00:00Z,2,EXTENSION,1.618,EXTENSION_1.618,HIGH,2026-05-07T23:28:19Z,2026-05-07T00:00:00Z,0.13847,0.0,True
XLM,2026-04-12T00:00:00Z,1d,NORMAL,UNIQUE_TOP_CANDIDATE,-8.0,2026-04-04T00:00:00Z,3,EXTENSION,2.618,EXTENSION_2.618,HIGH,2026-05-28T23:28:19Z,2026-05-28T00:00:00Z,0.18633,0.0,True
XLM,2026-04-12T00:00:00Z,1d,MAX,UNIQUE_TOP_CANDIDATE,-8.0,2026-04-04T00:00:00Z,1,EXTENSION,1.272,EXTENSION_1.272,HIGH,2026-04-30T17:05:16Z,2026-04-30T00:00:00Z,0.13773,0.0,True
XLM,2026-04-12T00:00:00Z,1d,MAX,UNIQUE_TOP_CANDIDATE,-8.0,2026-04-04T00:00:00Z,2,EXTENSION,1.618,EXTENSION_1.618,HIGH,2026-05-07T23:28:19Z,2026-05-07T00:00:00Z,0.13847,0.0,True
XLM,2026-04-12T00:00:00Z,1d,MAX,UNIQUE_TOP_CANDIDATE,-8.0,2026-04-04T00:00:00Z,3,EXTENSION,2.618,EXTENSION_2.618,HIGH,2026-05-28T23:28:19Z,2026-05-28T00:00:00Z,0.18633,0.0,True
XLM,2026-05-03T00:00:00Z,1d,MAX,UNIQUE_TOP_CANDIDATE,9.0,2026-05-12T00:00:00Z,1,EXTENSION,1.272,EXTENSION_1.272,HIGH,2026-06-07T17:05:16Z,2026-06-07T00:00:00Z,0.18957,0.0,True
XLM,2026-05-03T00:00:00Z,1d,MAX,UNIQUE_TOP_CANDIDATE,9.0,2026-05-12T00:00:00Z,2,EXTENSION,1.618,EXTENSION_1.618,HIGH,2026-06-14T23:28:19Z,2026-06-14T00:00:00Z,0.16543,0.0,True
XLM,2026-05-03T00:00:00Z,1d,MAX,UNIQUE_TOP_CANDIDATE,9.0,2026-05-12T00:00:00Z,3,EXTENSION,2.618,EXTENSION_2.618,HIGH,2026-07-05T23:28:19Z,,,,False
